benchmark,benchmark_instance_id,in_polybench_verified,training_instance_id,benchmark_repo,training_repo,pr,joins,same_base,same_fix
Multi-SWE-bench,BurntSushi__ripgrep-454,False,burntsushi__ripgrep-454,BurntSushi/ripgrep,BurntSushi/ripgrep,454,base_commit_and_pr;case_insensitive_repo;exact_repo,True,identical
Multi-SWE-bench,BurntSushi__ripgrep-723,False,burntsushi__ripgrep-723,BurntSushi/ripgrep,BurntSushi/ripgrep,723,base_commit_and_pr;case_insensitive_repo;exact_repo,True,partly_identical
Multi-SWE-bench (Kotlin extension),GradleUp__shadow-1313,False,gradleup__shadow-1313,GradleUp/shadow,GradleUp/shadow,1313,base_commit_and_pr;case_insensitive_repo;exact_repo,True,identical
Multi-SWE-bench,anuraghazra__github-readme-stats-2099,False,anuraghazra__github-readme-stats-2099,anuraghazra/github-readme-stats,anuraghazra/github-readme-stats,2099,base_commit_and_pr;case_insensitive_repo;exact_repo,True,identical
Multi-SWE-bench,anuraghazra__github-readme-stats-2228,False,anuraghazra__github-readme-stats-2228,anuraghazra/github-readme-stats,anuraghazra/github-readme-stats,2228,base_commit_and_pr;case_insensitive_repo;exact_repo,True,identical
Multi-SWE-bench,axios__axios-5661,False,axios__axios-5661,axios/axios,axios/axios,5661,base_commit_and_pr;case_insensitive_repo;exact_repo,True,identical
Multi-SWE-bench,axios__axios-5919,False,axios__axios-5919,axios/axios,axios/axios,5919,base_commit_and_pr;case_insensitive_repo;exact_repo,True,identical
SWE-bench Multilingual,briannesbitt__carbon-2665,False,briannesbitt__carbon-2665,briannesbitt/carbon,briannesbitt/Carbon,2665,base_commit_and_pr;case_insensitive_repo,True,identical
SWE-bench Multilingual,briannesbitt__carbon-2752,False,briannesbitt__carbon-2752,briannesbitt/carbon,briannesbitt/Carbon,2752,base_commit_and_pr;case_insensitive_repo,True,identical
SWE-bench Multilingual,briannesbitt__carbon-2762,False,briannesbitt__carbon-2762,briannesbitt/carbon,briannesbitt/Carbon,2762,base_commit_and_pr;case_insensitive_repo,True,identical
SWE-bench Multilingual,briannesbitt__carbon-2981,False,briannesbitt__carbon-2981,briannesbitt/carbon,briannesbitt/Carbon,2981,base_commit_and_pr;case_insensitive_repo,True,identical
SWE-bench Multilingual,briannesbitt__carbon-3005,False,briannesbitt__carbon-3005,briannesbitt/carbon,briannesbitt/Carbon,3005,base_commit_and_pr;case_insensitive_repo,True,identical
SWE-bench Multilingual,briannesbitt__carbon-3041,False,briannesbitt__carbon-3041,briannesbitt/carbon,briannesbitt/Carbon,3041,base_commit_and_pr;case_insensitive_repo,True,identical
Multi-SWE-bench,clap-rs__clap-1624,False,clap-rs__clap-1624,clap-rs/clap,clap-rs/clap,1624,base_commit_and_pr;case_insensitive_repo;exact_repo,True,identical
Multi-SWE-bench,clap-rs__clap-1710,False,clap-rs__clap-1710,clap-rs/clap,clap-rs/clap,1710,base_commit_and_pr;case_insensitive_repo;exact_repo,True,identical
Multi-SWE-bench,clap-rs__clap-1958,False,clap-rs__clap-1958,clap-rs/clap,clap-rs/clap,1958,base_commit_and_pr;case_insensitive_repo;exact_repo,True,identical
Multi-SWE-bench,clap-rs__clap-1975,False,clap-rs__clap-1975,clap-rs/clap,clap-rs/clap,1975,base_commit_and_pr;case_insensitive_repo;exact_repo,True,identical
Multi-SWE-bench,clap-rs__clap-2008,False,clap-rs__clap-2008,clap-rs/clap,clap-rs/clap,2008,base_commit_and_pr;case_insensitive_repo;exact_repo,True,identical
Multi-SWE-bench,clap-rs__clap-2027,False,clap-rs__clap-2027,clap-rs/clap,clap-rs/clap,2027,base_commit_and_pr;case_insensitive_repo;exact_repo,True,identical
Multi-SWE-bench,clap-rs__clap-2058,False,clap-rs__clap-2058,clap-rs/clap,clap-rs/clap,2058,base_commit_and_pr;case_insensitive_repo;exact_repo,True,identical
Multi-SWE-bench,clap-rs__clap-2075,False,clap-rs__clap-2075,clap-rs/clap,clap-rs/clap,2075,base_commit_and_pr;case_insensitive_repo;exact_repo,True,identical
Multi-SWE-bench,clap-rs__clap-2085,False,clap-rs__clap-2085,clap-rs/clap,clap-rs/clap,2085,base_commit_and_pr;case_insensitive_repo;exact_repo,True,identical
Multi-SWE-bench,clap-rs__clap-3179,False,clap-rs__clap-3179,clap-rs/clap,clap-rs/clap,3179,base_commit_and_pr;case_insensitive_repo;exact_repo,True,identical
Multi-SWE-bench,clap-rs__clap-3196,False,clap-rs__clap-3196,clap-rs/clap,clap-rs/clap,3196,base_commit_and_pr;case_insensitive_repo;exact_repo,True,identical
Multi-SWE-bench,clap-rs__clap-3212,False,clap-rs__clap-3212,clap-rs/clap,clap-rs/clap,3212,base_commit_and_pr;case_insensitive_repo;exact_repo,True,identical
Multi-SWE-bench,clap-rs__clap-3225,False,clap-rs__clap-3225,clap-rs/clap,clap-rs/clap,3225,base_commit_and_pr;case_insensitive_repo;exact_repo,True,identical
Multi-SWE-bench,clap-rs__clap-3311,False,clap-rs__clap-3311,clap-rs/clap,clap-rs/clap,3311,base_commit_and_pr;case_insensitive_repo;exact_repo,True,identical
Multi-SWE-bench,clap-rs__clap-3334,False,clap-rs__clap-3334,clap-rs/clap,clap-rs/clap,3334,base_commit_and_pr;case_insensitive_repo;exact_repo,True,identical
Multi-SWE-bench,clap-rs__clap-3391,False,clap-rs__clap-3391,clap-rs/clap,clap-rs/clap,3391,base_commit_and_pr;case_insensitive_repo;exact_repo,True,identical
Multi-SWE-bench,clap-rs__clap-3394,False,clap-rs__clap-3394,clap-rs/clap,clap-rs/clap,3394,base_commit_and_pr;case_insensitive_repo;exact_repo,True,identical
Multi-SWE-bench,clap-rs__clap-3421,False,clap-rs__clap-3421,clap-rs/clap,clap-rs/clap,3421,base_commit_and_pr;case_insensitive_repo;exact_repo,True,identical
Multi-SWE-bench,clap-rs__clap-3453,False,clap-rs__clap-3453,clap-rs/clap,clap-rs/clap,3453,base_commit_and_pr;case_insensitive_repo;exact_repo,True,identical
Multi-SWE-bench,clap-rs__clap-3670,False,clap-rs__clap-3670,clap-rs/clap,clap-rs/clap,3670,base_commit_and_pr;case_insensitive_repo;exact_repo,True,identical
Multi-SWE-bench,clap-rs__clap-3775,False,clap-rs__clap-3775,clap-rs/clap,clap-rs/clap,3775,base_commit_and_pr;case_insensitive_repo;exact_repo,True,identical
Multi-SWE-bench,clap-rs__clap-3960,False,clap-rs__clap-3960,clap-rs/clap,clap-rs/clap,3960,base_commit_and_pr;case_insensitive_repo;exact_repo,True,identical
Multi-SWE-bench,clap-rs__clap-3968,False,clap-rs__clap-3968,clap-rs/clap,clap-rs/clap,3968,base_commit_and_pr;case_insensitive_repo;exact_repo,True,identical
Multi-SWE-bench,clap-rs__clap-3974,False,clap-rs__clap-3974,clap-rs/clap,clap-rs/clap,3974,base_commit_and_pr;case_insensitive_repo;exact_repo,True,identical
Multi-SWE-bench,clap-rs__clap-3989,False,clap-rs__clap-3989,clap-rs/clap,clap-rs/clap,3989,base_commit_and_pr;case_insensitive_repo;exact_repo,True,identical
Multi-SWE-bench,clap-rs__clap-3990,False,clap-rs__clap-3990,clap-rs/clap,clap-rs/clap,3990,base_commit_and_pr;case_insensitive_repo;exact_repo,True,identical
Multi-SWE-bench,clap-rs__clap-4005,False,clap-rs__clap-4005,clap-rs/clap,clap-rs/clap,4005,base_commit_and_pr;case_insensitive_repo;exact_repo,True,identical
Multi-SWE-bench,clap-rs__clap-4006,False,clap-rs__clap-4006,clap-rs/clap,clap-rs/clap,4006,base_commit_and_pr;case_insensitive_repo;exact_repo,True,identical
Multi-SWE-bench,clap-rs__clap-4080,False,clap-rs__clap-4080,clap-rs/clap,clap-rs/clap,4080,base_commit_and_pr;case_insensitive_repo;exact_repo,True,identical
Multi-SWE-bench,clap-rs__clap-4081,False,clap-rs__clap-4081,clap-rs/clap,clap-rs/clap,4081,base_commit_and_pr;case_insensitive_repo;exact_repo,True,identical
Multi-SWE-bench,clap-rs__clap-4159,False,clap-rs__clap-4159,clap-rs/clap,clap-rs/clap,4159,base_commit_and_pr;case_insensitive_repo;exact_repo,True,identical
Multi-SWE-bench,clap-rs__clap-4465,False,clap-rs__clap-4465,clap-rs/clap,clap-rs/clap,4465,base_commit_and_pr;case_insensitive_repo;exact_repo,True,identical
Multi-SWE-bench,clap-rs__clap-4474,False,clap-rs__clap-4474,clap-rs/clap,clap-rs/clap,4474,base_commit_and_pr;case_insensitive_repo;exact_repo,True,identical
Multi-SWE-bench,clap-rs__clap-4573,False,clap-rs__clap-4573,clap-rs/clap,clap-rs/clap,4573,base_commit_and_pr;case_insensitive_repo;exact_repo,True,identical
Multi-SWE-bench,clap-rs__clap-4635,False,clap-rs__clap-4635,clap-rs/clap,clap-rs/clap,4635,base_commit_and_pr;case_insensitive_repo;exact_repo,True,partly_identical
Multi-SWE-bench,clap-rs__clap-4667,False,clap-rs__clap-4667,clap-rs/clap,clap-rs/clap,4667,base_commit_and_pr;case_insensitive_repo;exact_repo,True,identical
Multi-SWE-bench,clap-rs__clap-4902,False,clap-rs__clap-4902,clap-rs/clap,clap-rs/clap,4902,base_commit_and_pr;case_insensitive_repo;exact_repo,True,identical
Multi-SWE-bench,clap-rs__clap-5873,False,clap-rs__clap-5873,clap-rs/clap,clap-rs/clap,5873,base_commit_and_pr;case_insensitive_repo;exact_repo,True,identical
Multi-SWE-bench,clap-rs__clap-941,False,kbknapp__clap-rs-941,clap-rs/clap,kbknapp/clap-rs,941,base_commit_and_pr,True,identical
Multi-SWE-bench,cli__cli-10180,False,cli__cli-10180,cli/cli,cli/cli,10180,base_commit_and_pr;case_insensitive_repo;exact_repo,True,identical
Multi-SWE-bench,cli__cli-10329,False,cli__cli-10329,cli/cli,cli/cli,10329,base_commit_and_pr;case_insensitive_repo;exact_repo,True,identical
Multi-SWE-bench,cli__cli-10354,False,cli__cli-10354,cli/cli,cli/cli,10354,base_commit_and_pr;case_insensitive_repo;exact_repo,True,identical
Multi-SWE-bench,cli__cli-10362,False,cli__cli-10362,cli/cli,cli/cli,10362,base_commit_and_pr;case_insensitive_repo;exact_repo,True,identical
Multi-SWE-bench,cli__cli-10363,False,cli__cli-10363,cli/cli,cli/cli,10363,base_commit_and_pr;case_insensitive_repo;exact_repo,True,identical
Multi-SWE-bench,cli__cli-10364,False,cli__cli-10364,cli/cli,cli/cli,10364,base_commit_and_pr;case_insensitive_repo;exact_repo,True,identical
Multi-SWE-bench,cli__cli-10388,False,cli__cli-10388,cli/cli,cli/cli,10388,base_commit_and_pr;case_insensitive_repo;exact_repo,True,identical
Multi-SWE-bench,cli__cli-9868,False,cli__cli-9868,cli/cli,cli/cli,9868,base_commit_and_pr;case_insensitive_repo;exact_repo,True,identical
Multi-SWE-bench (Kotlin extension),detekt__detekt-4728,False,detekt__detekt-4728,detekt/detekt,detekt/detekt,4728,base_commit_and_pr;case_insensitive_repo;exact_repo,True,identical
Multi-SWE-bench (Kotlin extension),detekt__detekt-4733,False,detekt__detekt-4733,detekt/detekt,detekt/detekt,4733,base_commit_and_pr;case_insensitive_repo;exact_repo,True,identical
Multi-SWE-bench (Kotlin extension),detekt__detekt-4738,False,detekt__detekt-4738,detekt/detekt,detekt/detekt,4738,base_commit_and_pr;case_insensitive_repo;exact_repo,True,identical
Multi-SWE-bench (Kotlin extension),detekt__detekt-4808,False,detekt__detekt-4808,detekt/detekt,detekt/detekt,4808,base_commit_and_pr;case_insensitive_repo;exact_repo,True,identical
Multi-SWE-bench (Kotlin extension),detekt__detekt-4818,False,detekt__detekt-4818,detekt/detekt,detekt/detekt,4818,base_commit_and_pr;case_insensitive_repo;exact_repo,True,identical
Multi-SWE-bench (Kotlin extension),detekt__detekt-4994,False,detekt__detekt-4994,detekt/detekt,detekt/detekt,4994,base_commit_and_pr;case_insensitive_repo;exact_repo,True,identical
Multi-SWE-bench (Kotlin extension),detekt__detekt-5006,False,detekt__detekt-5006,detekt/detekt,detekt/detekt,5006,base_commit_and_pr;case_insensitive_repo;exact_repo,True,identical
Multi-SWE-bench (Kotlin extension),detekt__detekt-7212,False,detekt__detekt-7212,detekt/detekt,detekt/detekt,7212,base_commit_and_pr;case_insensitive_repo;exact_repo,True,identical
Multi-SWE-bench (Kotlin extension),detekt__detekt-7625,False,detekt__detekt-7625,detekt/detekt,detekt/detekt,7625,base_commit_and_pr;case_insensitive_repo;exact_repo,True,identical
Multi-SWE-bench (Kotlin extension),detekt__detekt-7667,False,detekt__detekt-7667,detekt/detekt,detekt/detekt,7667,base_commit_and_pr;case_insensitive_repo;exact_repo,True,identical
Multi-SWE-bench (Kotlin extension),detekt__detekt-7715,False,detekt__detekt-7715,detekt/detekt,detekt/detekt,7715,base_commit_and_pr;case_insensitive_repo;exact_repo,True,identical
Multi-SWE-bench (Kotlin extension),detekt__detekt-7718,False,detekt__detekt-7718,detekt/detekt,detekt/detekt,7718,base_commit_and_pr;case_insensitive_repo;exact_repo,True,identical
Multi-SWE-bench (Kotlin extension),detekt__detekt-7871,False,detekt__detekt-7871,detekt/detekt,detekt/detekt,7871,base_commit_and_pr;case_insensitive_repo;exact_repo,True,identical
Multi-SWE-bench,facebook__zstd-1459,False,facebook__zstd-1459,facebook/zstd,facebook/zstd,1459,base_commit_and_pr;case_insensitive_repo;exact_repo,True,identical
Multi-SWE-bench,facebook__zstd-1726,False,facebook__zstd-1726,facebook/zstd,facebook/zstd,1726,base_commit_and_pr;case_insensitive_repo;exact_repo,True,identical
Multi-SWE-bench,facebook__zstd-1733,False,facebook__zstd-1733,facebook/zstd,facebook/zstd,1733,base_commit_and_pr;case_insensitive_repo;exact_repo,True,identical
SWE-PolyBench,huggingface__transformers-19219,False,huggingface__transformers-19219,huggingface/transformers,huggingface/transformers,19219,base_commit_and_pr;case_insensitive_repo;exact_repo,True,not_comparable
Multi-SWE-bench,iamkun__dayjs-2175,False,iamkun__dayjs-2175,iamkun/dayjs,iamkun/dayjs,2175,base_commit_and_pr;case_insensitive_repo;exact_repo,True,identical
Multi-SWE-bench,iamkun__dayjs-2231,False,iamkun__dayjs-2231,iamkun/dayjs,iamkun/dayjs,2231,base_commit_and_pr;case_insensitive_repo;exact_repo,True,identical
Multi-SWE-bench,iamkun__dayjs-2367,False,iamkun__dayjs-2367,iamkun/dayjs,iamkun/dayjs,2367,base_commit_and_pr;case_insensitive_repo;exact_repo,True,identical
Multi-SWE-bench,iamkun__dayjs-2377,False,iamkun__dayjs-2377,iamkun/dayjs,iamkun/dayjs,2377,base_commit_and_pr;case_insensitive_repo;exact_repo,True,different
SWE-PolyBench,keras-team__keras-19284,False,keras-team__keras-19284,keras-team/keras,keras-team/keras,19284,base_commit_and_pr;case_insensitive_repo;exact_repo,True,not_comparable
SWE-PolyBench,keras-team__keras-19300,False,keras-team__keras-19300,keras-team/keras,keras-team/keras,19300,base_commit_and_pr;case_insensitive_repo;exact_repo,True,not_comparable
SWE-PolyBench,keras-team__keras-19459,True,keras-team__keras-19459,keras-team/keras,keras-team/keras,19459,base_commit_and_pr;case_insensitive_repo;exact_repo,True,not_comparable
SWE-PolyBench,keras-team__keras-19466,True,keras-team__keras-19466,keras-team/keras,keras-team/keras,19466,base_commit_and_pr;case_insensitive_repo;exact_repo,True,not_comparable
SWE-PolyBench,keras-team__keras-19484,True,keras-team__keras-19484,keras-team/keras,keras-team/keras,19484,base_commit_and_pr;case_insensitive_repo;exact_repo,True,not_comparable
SWE-PolyBench,keras-team__keras-19636,True,keras-team__keras-19636,keras-team/keras,keras-team/keras,19636,base_commit_and_pr;case_insensitive_repo;exact_repo,True,not_comparable
SWE-PolyBench,keras-team__keras-19641,True,keras-team__keras-19641,keras-team/keras,keras-team/keras,19641,base_commit_and_pr;case_insensitive_repo;exact_repo,True,not_comparable
SWE-PolyBench,keras-team__keras-19775,True,keras-team__keras-19775,keras-team/keras,keras-team/keras,19775,base_commit_and_pr;case_insensitive_repo;exact_repo,True,not_comparable
SWE-PolyBench,keras-team__keras-19799,False,keras-team__keras-19799,keras-team/keras,keras-team/keras,19799,base_commit_and_pr;case_insensitive_repo;exact_repo,True,not_comparable
SWE-PolyBench,keras-team__keras-19838,True,keras-team__keras-19838,keras-team/keras,keras-team/keras,19838,base_commit_and_pr;case_insensitive_repo;exact_repo,True,not_comparable
SWE-PolyBench,keras-team__keras-19844,True,keras-team__keras-19844,keras-team/keras,keras-team/keras,19844,base_commit_and_pr;case_insensitive_repo;exact_repo,True,not_comparable
SWE-PolyBench,keras-team__keras-19863,True,keras-team__keras-19863,keras-team/keras,keras-team/keras,19863,base_commit_and_pr;case_insensitive_repo;exact_repo,True,not_comparable
SWE-PolyBench,keras-team__keras-19903,False,keras-team__keras-19903,keras-team/keras,keras-team/keras,19903,base_commit_and_pr;case_insensitive_repo;exact_repo,True,not_comparable
SWE-PolyBench,keras-team__keras-19915,True,keras-team__keras-19915,keras-team/keras,keras-team/keras,19915,base_commit_and_pr;case_insensitive_repo;exact_repo,True,not_comparable
SWE-PolyBench,keras-team__keras-19924,True,keras-team__keras-19924,keras-team/keras,keras-team/keras,19924,base_commit_and_pr;case_insensitive_repo;exact_repo,True,not_comparable
SWE-PolyBench,keras-team__keras-19931,False,keras-team__keras-19931,keras-team/keras,keras-team/keras,19931,base_commit_and_pr;case_insensitive_repo;exact_repo,True,not_comparable
SWE-PolyBench,keras-team__keras-19937,True,keras-team__keras-19937,keras-team/keras,keras-team/keras,19937,base_commit_and_pr;case_insensitive_repo;exact_repo,True,not_comparable
SWE-PolyBench,keras-team__keras-19955,False,keras-team__keras-19955,keras-team/keras,keras-team/keras,19955,base_commit_and_pr;case_insensitive_repo;exact_repo,True,not_comparable
SWE-PolyBench,keras-team__keras-19973,True,keras-team__keras-19973,keras-team/keras,keras-team/keras,19973,base_commit_and_pr;case_insensitive_repo;exact_repo,True,not_comparable
SWE-PolyBench,keras-team__keras-20002,True,keras-team__keras-20002,keras-team/keras,keras-team/keras,20002,base_commit_and_pr;case_insensitive_repo;exact_repo,True,not_comparable
SWE-PolyBench,keras-team__keras-20008,True,keras-team__keras-20008,keras-team/keras,keras-team/keras,20008,base_commit_and_pr;case_insensitive_repo;exact_repo,True,not_comparable
SWE-bench Multilingual,php-cs-fixer__php-cs-fixer-7635,False,php-cs-fixer__php-cs-fixer-7635,php-cs-fixer/php-cs-fixer,PHP-CS-Fixer/PHP-CS-Fixer,7635,base_commit_and_pr;case_insensitive_repo,True,identical
SWE-bench Multilingual,php-cs-fixer__php-cs-fixer-7663,False,php-cs-fixer__php-cs-fixer-7663,php-cs-fixer/php-cs-fixer,PHP-CS-Fixer/PHP-CS-Fixer,7663,base_commit_and_pr;case_insensitive_repo,True,identical
SWE-bench Multilingual,php-cs-fixer__php-cs-fixer-7875,False,php-cs-fixer__php-cs-fixer-7875,php-cs-fixer/php-cs-fixer,PHP-CS-Fixer/PHP-CS-Fixer,7875,base_commit_and_pr;case_insensitive_repo,True,identical
SWE-bench Multilingual,phpoffice__phpspreadsheet-4114,False,phpoffice__phpspreadsheet-4114,phpoffice/phpspreadsheet,PHPOffice/PhpSpreadsheet,4114,base_commit_and_pr;case_insensitive_repo,True,identical
SWE-bench Multilingual,phpoffice__phpspreadsheet-4214,False,phpoffice__phpspreadsheet-4214,phpoffice/phpspreadsheet,PHPOffice/PhpSpreadsheet,4214,base_commit_and_pr;case_insensitive_repo,True,identical
SWE-bench Multilingual,phpoffice__phpspreadsheet-4313,False,phpoffice__phpspreadsheet-4313,phpoffice/phpspreadsheet,PHPOffice/PhpSpreadsheet,4313,base_commit_and_pr;case_insensitive_repo,True,identical
SWE-PolyBench,prettier__prettier-230,False,jlongster__prettier-230,prettier/prettier,jlongster/prettier,230,base_commit_and_pr,True,identical
SWE-PolyBench,prettier__prettier-300,False,jlongster__prettier-300,prettier/prettier,jlongster/prettier,300,base_commit_and_pr,True,different
SWE-PolyBench,prettier__prettier-361,True,jlongster__prettier-361,prettier/prettier,jlongster/prettier,361,base_commit_and_pr,True,different
SWE-PolyBench,prettier__prettier-383,False,jlongster__prettier-383,prettier/prettier,jlongster/prettier,383,base_commit_and_pr,True,different
SWE-PolyBench,prettier__prettier-396,False,jlongster__prettier-396,prettier/prettier,jlongster/prettier,396,base_commit_and_pr,True,identical
SWE-PolyBench,prettier__prettier-459,True,jlongster__prettier-459,prettier/prettier,jlongster/prettier,459,base_commit_and_pr,True,different
SWE-PolyBench,prettier__prettier-464,False,jlongster__prettier-464,prettier/prettier,jlongster/prettier,464,base_commit_and_pr,True,different
SWE-PolyBench,prettier__prettier-502,False,jlongster__prettier-502,prettier/prettier,jlongster/prettier,502,base_commit_and_pr,True,identical
SWE-PolyBench,prettier__prettier-573,False,jlongster__prettier-573,prettier/prettier,jlongster/prettier,573,base_commit_and_pr,True,different
SWE-PolyBench,prettier__prettier-602,False,jlongster__prettier-602,prettier/prettier,jlongster/prettier,602,base_commit_and_pr,True,identical
SWE-PolyBench,prettier__prettier-608,False,jlongster__prettier-608,prettier/prettier,jlongster/prettier,608,base_commit_and_pr,True,identical
SWE-PolyBench,prettier__prettier-661,True,jlongster__prettier-661,prettier/prettier,jlongster/prettier,661,base_commit_and_pr,True,partly_identical
SWE-PolyBench,prettier__prettier-666,True,jlongster__prettier-666,prettier/prettier,jlongster/prettier,666,base_commit_and_pr,True,different
SWE-PolyBench,prettier__prettier-671,False,jlongster__prettier-671,prettier/prettier,jlongster/prettier,671,base_commit_and_pr,True,different
SWE-PolyBench,prettier__prettier-672,False,jlongster__prettier-672,prettier/prettier,jlongster/prettier,672,base_commit_and_pr,True,identical
Multi-SWE-bench,rayon-rs__rayon-986,False,rayon-rs__rayon-986,rayon-rs/rayon,rayon-rs/rayon,986,base_commit_and_pr;case_insensitive_repo;exact_repo,True,identical
SWE-PolyBench,serverless__serverless-12030,False,serverless__serverless-12030,serverless/serverless,serverless/serverless,12030,base_commit_and_pr;case_insensitive_repo;exact_repo,True,identical
SWE-PolyBench,serverless__serverless-2434,True,serverless__serverless-2434,serverless/serverless,serverless/serverless,2434,base_commit_and_pr;case_insensitive_repo;exact_repo,True,identical
SWE-PolyBench,serverless__serverless-2499,False,serverless__serverless-2499,serverless/serverless,serverless/serverless,2499,base_commit_and_pr;case_insensitive_repo;exact_repo,True,identical
SWE-PolyBench,serverless__serverless-2511,False,serverless__serverless-2511,serverless/serverless,serverless/serverless,2511,base_commit_and_pr;case_insensitive_repo;exact_repo,True,identical
SWE-PolyBench,serverless__serverless-2520,False,serverless__serverless-2520,serverless/serverless,serverless/serverless,2520,base_commit_and_pr;case_insensitive_repo;exact_repo,True,identical
SWE-PolyBench,serverless__serverless-2541,False,serverless__serverless-2541,serverless/serverless,serverless/serverless,2541,base_commit_and_pr;case_insensitive_repo;exact_repo,True,identical
SWE-PolyBench,serverless__serverless-2565,False,serverless__serverless-2565,serverless/serverless,serverless/serverless,2565,base_commit_and_pr;case_insensitive_repo;exact_repo,True,identical
SWE-PolyBench,serverless__serverless-2576,True,serverless__serverless-2576,serverless/serverless,serverless/serverless,2576,base_commit_and_pr;case_insensitive_repo;exact_repo,True,identical
SWE-PolyBench,serverless__serverless-2584,False,serverless__serverless-2584,serverless/serverless,serverless/serverless,2584,base_commit_and_pr;case_insensitive_repo;exact_repo,True,identical
SWE-PolyBench,serverless__serverless-2588,False,serverless__serverless-2588,serverless/serverless,serverless/serverless,2588,base_commit_and_pr;case_insensitive_repo;exact_repo,True,identical
SWE-PolyBench,serverless__serverless-2624,False,serverless__serverless-2624,serverless/serverless,serverless/serverless,2624,base_commit_and_pr;case_insensitive_repo;exact_repo,True,identical
SWE-PolyBench,serverless__serverless-2701,False,serverless__serverless-2701,serverless/serverless,serverless/serverless,2701,base_commit_and_pr;case_insensitive_repo;exact_repo,True,identical
SWE-PolyBench,serverless__serverless-2736,False,serverless__serverless-2736,serverless/serverless,serverless/serverless,2736,base_commit_and_pr;case_insensitive_repo;exact_repo,True,identical
SWE-PolyBench,serverless__serverless-2743,False,serverless__serverless-2743,serverless/serverless,serverless/serverless,2743,base_commit_and_pr;case_insensitive_repo;exact_repo,True,identical
SWE-PolyBench,serverless__serverless-2748,False,serverless__serverless-2748,serverless/serverless,serverless/serverless,2748,base_commit_and_pr;case_insensitive_repo;exact_repo,True,identical
SWE-PolyBench,serverless__serverless-2774,False,serverless__serverless-2774,serverless/serverless,serverless/serverless,2774,base_commit_and_pr;case_insensitive_repo;exact_repo,True,identical
SWE-PolyBench,serverless__serverless-2799,False,serverless__serverless-2799,serverless/serverless,serverless/serverless,2799,base_commit_and_pr;case_insensitive_repo;exact_repo,True,identical
SWE-PolyBench,serverless__serverless-2809,False,serverless__serverless-2809,serverless/serverless,serverless/serverless,2809,base_commit_and_pr;case_insensitive_repo;exact_repo,True,identical
SWE-PolyBench,serverless__serverless-2816,False,serverless__serverless-2816,serverless/serverless,serverless/serverless,2816,base_commit_and_pr;case_insensitive_repo;exact_repo,True,identical
SWE-PolyBench,serverless__serverless-2847,False,serverless__serverless-2847,serverless/serverless,serverless/serverless,2847,base_commit_and_pr;case_insensitive_repo;exact_repo,True,identical
SWE-PolyBench,serverless__serverless-2865,False,serverless__serverless-2865,serverless/serverless,serverless/serverless,2865,base_commit_and_pr;case_insensitive_repo;exact_repo,True,identical
SWE-PolyBench,serverless__serverless-2891,False,serverless__serverless-2891,serverless/serverless,serverless/serverless,2891,base_commit_and_pr;case_insensitive_repo;exact_repo,True,identical
SWE-PolyBench,serverless__serverless-2893,False,serverless__serverless-2893,serverless/serverless,serverless/serverless,2893,base_commit_and_pr;case_insensitive_repo;exact_repo,True,identical
SWE-PolyBench,serverless__serverless-2910,False,serverless__serverless-2910,serverless/serverless,serverless/serverless,2910,base_commit_and_pr;case_insensitive_repo;exact_repo,True,identical
SWE-PolyBench,serverless__serverless-2922,False,serverless__serverless-2922,serverless/serverless,serverless/serverless,2922,base_commit_and_pr;case_insensitive_repo;exact_repo,True,identical
SWE-PolyBench,serverless__serverless-2940,False,serverless__serverless-2940,serverless/serverless,serverless/serverless,2940,base_commit_and_pr;case_insensitive_repo;exact_repo,True,identical
SWE-PolyBench,serverless__serverless-2945,True,serverless__serverless-2945,serverless/serverless,serverless/serverless,2945,base_commit_and_pr;case_insensitive_repo;exact_repo,True,identical
SWE-PolyBench,serverless__serverless-2952,True,serverless__serverless-2952,serverless/serverless,serverless/serverless,2952,base_commit_and_pr;case_insensitive_repo;exact_repo,True,identical
SWE-PolyBench,serverless__serverless-3064,False,serverless__serverless-3064,serverless/serverless,serverless/serverless,3064,base_commit_and_pr;case_insensitive_repo;exact_repo,True,identical
SWE-PolyBench,serverless__serverless-3067,False,serverless__serverless-3067,serverless/serverless,serverless/serverless,3067,base_commit_and_pr;case_insensitive_repo;exact_repo,True,identical
SWE-PolyBench,serverless__serverless-3095,True,serverless__serverless-3095,serverless/serverless,serverless/serverless,3095,base_commit_and_pr;case_insensitive_repo;exact_repo,True,identical
SWE-PolyBench,serverless__serverless-3107,False,serverless__serverless-3107,serverless/serverless,serverless/serverless,3107,base_commit_and_pr;case_insensitive_repo;exact_repo,True,identical
SWE-PolyBench,serverless__serverless-3111,False,serverless__serverless-3111,serverless/serverless,serverless/serverless,3111,base_commit_and_pr;case_insensitive_repo;exact_repo,True,identical
SWE-PolyBench,serverless__serverless-3180,False,serverless__serverless-3180,serverless/serverless,serverless/serverless,3180,base_commit_and_pr;case_insensitive_repo;exact_repo,True,identical
SWE-PolyBench,serverless__serverless-3186,False,serverless__serverless-3186,serverless/serverless,serverless/serverless,3186,base_commit_and_pr;case_insensitive_repo;exact_repo,True,identical
SWE-PolyBench,serverless__serverless-3213,False,serverless__serverless-3213,serverless/serverless,serverless/serverless,3213,base_commit_and_pr;case_insensitive_repo;exact_repo,True,identical
SWE-PolyBench,serverless__serverless-3217,False,serverless__serverless-3217,serverless/serverless,serverless/serverless,3217,base_commit_and_pr;case_insensitive_repo;exact_repo,True,identical
SWE-PolyBench,serverless__serverless-3429,False,serverless__serverless-3429,serverless/serverless,serverless/serverless,3429,base_commit_and_pr;case_insensitive_repo;exact_repo,True,identical
SWE-PolyBench,serverless__serverless-3443,False,serverless__serverless-3443,serverless/serverless,serverless/serverless,3443,base_commit_and_pr;case_insensitive_repo;exact_repo,True,identical
SWE-PolyBench,serverless__serverless-3457,True,serverless__serverless-3457,serverless/serverless,serverless/serverless,3457,base_commit_and_pr;case_insensitive_repo;exact_repo,True,identical
SWE-PolyBench,serverless__serverless-3505,False,serverless__serverless-3505,serverless/serverless,serverless/serverless,3505,base_commit_and_pr;case_insensitive_repo;exact_repo,True,identical
SWE-PolyBench,serverless__serverless-3507,False,serverless__serverless-3507,serverless/serverless,serverless/serverless,3507,base_commit_and_pr;case_insensitive_repo;exact_repo,True,identical
SWE-PolyBench,serverless__serverless-3521,False,serverless__serverless-3521,serverless/serverless,serverless/serverless,3521,base_commit_and_pr;case_insensitive_repo;exact_repo,True,identical
SWE-PolyBench,serverless__serverless-3548,False,serverless__serverless-3548,serverless/serverless,serverless/serverless,3548,base_commit_and_pr;case_insensitive_repo;exact_repo,True,identical
SWE-PolyBench,serverless__serverless-3609,False,serverless__serverless-3609,serverless/serverless,serverless/serverless,3609,base_commit_and_pr;case_insensitive_repo;exact_repo,True,identical
SWE-PolyBench,serverless__serverless-3642,False,serverless__serverless-3642,serverless/serverless,serverless/serverless,3642,base_commit_and_pr;case_insensitive_repo;exact_repo,True,identical
SWE-PolyBench,serverless__serverless-3647,False,serverless__serverless-3647,serverless/serverless,serverless/serverless,3647,base_commit_and_pr;case_insensitive_repo;exact_repo,True,identical
SWE-PolyBench,serverless__serverless-3660,False,serverless__serverless-3660,serverless/serverless,serverless/serverless,3660,base_commit_and_pr;case_insensitive_repo;exact_repo,True,identical
SWE-PolyBench,serverless__serverless-3672,False,serverless__serverless-3672,serverless/serverless,serverless/serverless,3672,base_commit_and_pr;case_insensitive_repo;exact_repo,True,identical
SWE-PolyBench,serverless__serverless-3680,False,serverless__serverless-3680,serverless/serverless,serverless/serverless,3680,base_commit_and_pr;case_insensitive_repo;exact_repo,True,identical
SWE-PolyBench,serverless__serverless-3692,False,serverless__serverless-3692,serverless/serverless,serverless/serverless,3692,base_commit_and_pr;case_insensitive_repo;exact_repo,True,identical
SWE-PolyBench,serverless__serverless-3700,False,serverless__serverless-3700,serverless/serverless,serverless/serverless,3700,base_commit_and_pr;case_insensitive_repo;exact_repo,True,identical
SWE-PolyBench,serverless__serverless-3701,False,serverless__serverless-3701,serverless/serverless,serverless/serverless,3701,base_commit_and_pr;case_insensitive_repo;exact_repo,True,identical
SWE-PolyBench,serverless__serverless-3705,False,serverless__serverless-3705,serverless/serverless,serverless/serverless,3705,base_commit_and_pr;case_insensitive_repo;exact_repo,True,identical
SWE-PolyBench,serverless__serverless-3722,False,serverless__serverless-3722,serverless/serverless,serverless/serverless,3722,base_commit_and_pr;case_insensitive_repo;exact_repo,True,identical
SWE-PolyBench,serverless__serverless-3746,False,serverless__serverless-3746,serverless/serverless,serverless/serverless,3746,base_commit_and_pr;case_insensitive_repo;exact_repo,True,identical
SWE-PolyBench,serverless__serverless-3799,True,serverless__serverless-3799,serverless/serverless,serverless/serverless,3799,base_commit_and_pr;case_insensitive_repo;exact_repo,True,identical
SWE-PolyBench,serverless__serverless-3804,True,serverless__serverless-3804,serverless/serverless,serverless/serverless,3804,base_commit_and_pr;case_insensitive_repo;exact_repo,True,identical
SWE-PolyBench,serverless__serverless-3808,False,serverless__serverless-3808,serverless/serverless,serverless/serverless,3808,base_commit_and_pr;case_insensitive_repo;exact_repo,True,identical
SWE-PolyBench,serverless__serverless-3812,False,serverless__serverless-3812,serverless/serverless,serverless/serverless,3812,base_commit_and_pr;case_insensitive_repo;exact_repo,True,identical
SWE-PolyBench,serverless__serverless-3842,False,serverless__serverless-3842,serverless/serverless,serverless/serverless,3842,base_commit_and_pr;case_insensitive_repo;exact_repo,True,identical
SWE-PolyBench,serverless__serverless-3846,False,serverless__serverless-3846,serverless/serverless,serverless/serverless,3846,base_commit_and_pr;case_insensitive_repo;exact_repo,True,identical
SWE-PolyBench,serverless__serverless-3848,False,serverless__serverless-3848,serverless/serverless,serverless/serverless,3848,base_commit_and_pr;case_insensitive_repo;exact_repo,True,identical
SWE-PolyBench,serverless__serverless-3888,False,serverless__serverless-3888,serverless/serverless,serverless/serverless,3888,base_commit_and_pr;case_insensitive_repo;exact_repo,True,identical
SWE-PolyBench,serverless__serverless-3996,False,serverless__serverless-3996,serverless/serverless,serverless/serverless,3996,base_commit_and_pr;case_insensitive_repo;exact_repo,True,identical
SWE-PolyBench,serverless__serverless-4050,False,serverless__serverless-4050,serverless/serverless,serverless/serverless,4050,base_commit_and_pr;case_insensitive_repo;exact_repo,True,identical
SWE-PolyBench,serverless__serverless-4084,False,serverless__serverless-4084,serverless/serverless,serverless/serverless,4084,base_commit_and_pr;case_insensitive_repo;exact_repo,True,identical
SWE-PolyBench,serverless__serverless-4088,False,serverless__serverless-4088,serverless/serverless,serverless/serverless,4088,base_commit_and_pr;case_insensitive_repo;exact_repo,True,identical
SWE-PolyBench,serverless__serverless-4091,False,serverless__serverless-4091,serverless/serverless,serverless/serverless,4091,base_commit_and_pr;case_insensitive_repo;exact_repo,True,identical
SWE-PolyBench,serverless__serverless-4097,False,serverless__serverless-4097,serverless/serverless,serverless/serverless,4097,base_commit_and_pr;case_insensitive_repo;exact_repo,True,identical
SWE-PolyBench,serverless__serverless-4120,False,serverless__serverless-4120,serverless/serverless,serverless/serverless,4120,base_commit_and_pr;case_insensitive_repo;exact_repo,True,identical
SWE-PolyBench,serverless__serverless-4192,True,serverless__serverless-4192,serverless/serverless,serverless/serverless,4192,base_commit_and_pr;case_insensitive_repo;exact_repo,True,identical
SWE-PolyBench,serverless__serverless-4198,False,serverless__serverless-4198,serverless/serverless,serverless/serverless,4198,base_commit_and_pr;case_insensitive_repo;exact_repo,True,identical
SWE-PolyBench,serverless__serverless-4279,False,serverless__serverless-4279,serverless/serverless,serverless/serverless,4279,base_commit_and_pr;case_insensitive_repo;exact_repo,True,identical
SWE-PolyBench,serverless__serverless-4293,False,serverless__serverless-4293,serverless/serverless,serverless/serverless,4293,base_commit_and_pr;case_insensitive_repo;exact_repo,True,identical
SWE-PolyBench,serverless__serverless-4372,False,serverless__serverless-4372,serverless/serverless,serverless/serverless,4372,base_commit_and_pr;case_insensitive_repo;exact_repo,True,identical
SWE-PolyBench,serverless__serverless-4448,False,serverless__serverless-4448,serverless/serverless,serverless/serverless,4448,base_commit_and_pr;case_insensitive_repo;exact_repo,True,identical
SWE-PolyBench,serverless__serverless-4531,False,serverless__serverless-4531,serverless/serverless,serverless/serverless,4531,base_commit_and_pr;case_insensitive_repo;exact_repo,True,identical
SWE-PolyBench,serverless__serverless-4559,False,serverless__serverless-4559,serverless/serverless,serverless/serverless,4559,base_commit_and_pr;case_insensitive_repo;exact_repo,True,identical
SWE-PolyBench,serverless__serverless-4576,False,serverless__serverless-4576,serverless/serverless,serverless/serverless,4576,base_commit_and_pr;case_insensitive_repo;exact_repo,True,identical
SWE-PolyBench,serverless__serverless-4590,False,serverless__serverless-4590,serverless/serverless,serverless/serverless,4590,base_commit_and_pr;case_insensitive_repo;exact_repo,True,identical
SWE-PolyBench,serverless__serverless-4596,False,serverless__serverless-4596,serverless/serverless,serverless/serverless,4596,base_commit_and_pr;case_insensitive_repo;exact_repo,True,identical
SWE-PolyBench,serverless__serverless-4601,False,serverless__serverless-4601,serverless/serverless,serverless/serverless,4601,base_commit_and_pr;case_insensitive_repo;exact_repo,True,identical
SWE-PolyBench,serverless__serverless-4636,False,serverless__serverless-4636,serverless/serverless,serverless/serverless,4636,base_commit_and_pr;case_insensitive_repo;exact_repo,True,identical
SWE-PolyBench,serverless__serverless-4650,False,serverless__serverless-4650,serverless/serverless,serverless/serverless,4650,base_commit_and_pr;case_insensitive_repo;exact_repo,True,identical
SWE-PolyBench,serverless__serverless-4694,False,serverless__serverless-4694,serverless/serverless,serverless/serverless,4694,base_commit_and_pr;case_insensitive_repo;exact_repo,True,identical
SWE-PolyBench,serverless__serverless-4701,False,serverless__serverless-4701,serverless/serverless,serverless/serverless,4701,base_commit_and_pr;case_insensitive_repo;exact_repo,True,identical
SWE-PolyBench,serverless__serverless-4768,False,serverless__serverless-4768,serverless/serverless,serverless/serverless,4768,base_commit_and_pr;case_insensitive_repo;exact_repo,True,identical
SWE-PolyBench,serverless__serverless-4793,False,serverless__serverless-4793,serverless/serverless,serverless/serverless,4793,base_commit_and_pr;case_insensitive_repo;exact_repo,True,identical
SWE-PolyBench,serverless__serverless-4854,False,serverless__serverless-4854,serverless/serverless,serverless/serverless,4854,base_commit_and_pr;case_insensitive_repo;exact_repo,True,identical
SWE-PolyBench,serverless__serverless-4879,False,serverless__serverless-4879,serverless/serverless,serverless/serverless,4879,base_commit_and_pr;case_insensitive_repo;exact_repo,True,identical
SWE-PolyBench,serverless__serverless-4890,False,serverless__serverless-4890,serverless/serverless,serverless/serverless,4890,base_commit_and_pr;case_insensitive_repo;exact_repo,True,identical
SWE-PolyBench,serverless__serverless-4925,False,serverless__serverless-4925,serverless/serverless,serverless/serverless,4925,base_commit_and_pr;case_insensitive_repo;exact_repo,True,identical
SWE-PolyBench,serverless__serverless-4947,False,serverless__serverless-4947,serverless/serverless,serverless/serverless,4947,base_commit_and_pr;case_insensitive_repo;exact_repo,True,identical
SWE-PolyBench,serverless__serverless-5029,False,serverless__serverless-5029,serverless/serverless,serverless/serverless,5029,base_commit_and_pr;case_insensitive_repo;exact_repo,True,identical
SWE-PolyBench,serverless__serverless-5080,False,serverless__serverless-5080,serverless/serverless,serverless/serverless,5080,base_commit_and_pr;case_insensitive_repo;exact_repo,True,identical
SWE-PolyBench,serverless__serverless-5082,False,serverless__serverless-5082,serverless/serverless,serverless/serverless,5082,base_commit_and_pr;case_insensitive_repo;exact_repo,True,identical
SWE-PolyBench,serverless__serverless-5156,False,serverless__serverless-5156,serverless/serverless,serverless/serverless,5156,base_commit_and_pr;case_insensitive_repo;exact_repo,True,identical
SWE-PolyBench,serverless__serverless-5161,False,serverless__serverless-5161,serverless/serverless,serverless/serverless,5161,base_commit_and_pr;case_insensitive_repo;exact_repo,True,identical
SWE-PolyBench,serverless__serverless-5166,False,serverless__serverless-5166,serverless/serverless,serverless/serverless,5166,base_commit_and_pr;case_insensitive_repo;exact_repo,True,identical
SWE-PolyBench,serverless__serverless-5229,False,serverless__serverless-5229,serverless/serverless,serverless/serverless,5229,base_commit_and_pr;case_insensitive_repo;exact_repo,True,identical
SWE-PolyBench,serverless__serverless-5256,False,serverless__serverless-5256,serverless/serverless,serverless/serverless,5256,base_commit_and_pr;case_insensitive_repo;exact_repo,True,identical
SWE-PolyBench,serverless__serverless-5299,False,serverless__serverless-5299,serverless/serverless,serverless/serverless,5299,base_commit_and_pr;case_insensitive_repo;exact_repo,True,identical
SWE-PolyBench,serverless__serverless-5312,False,serverless__serverless-5312,serverless/serverless,serverless/serverless,5312,base_commit_and_pr;case_insensitive_repo;exact_repo,True,identical
SWE-PolyBench,serverless__serverless-5314,False,serverless__serverless-5314,serverless/serverless,serverless/serverless,5314,base_commit_and_pr;case_insensitive_repo;exact_repo,True,identical
SWE-PolyBench,serverless__serverless-5328,False,serverless__serverless-5328,serverless/serverless,serverless/serverless,5328,base_commit_and_pr;case_insensitive_repo;exact_repo,True,identical
SWE-PolyBench,serverless__serverless-5351,False,serverless__serverless-5351,serverless/serverless,serverless/serverless,5351,base_commit_and_pr;case_insensitive_repo;exact_repo,True,identical
SWE-PolyBench,serverless__serverless-5492,False,serverless__serverless-5492,serverless/serverless,serverless/serverless,5492,base_commit_and_pr;case_insensitive_repo;exact_repo,True,identical
SWE-PolyBench,serverless__serverless-5509,False,serverless__serverless-5509,serverless/serverless,serverless/serverless,5509,base_commit_and_pr;case_insensitive_repo;exact_repo,True,identical
SWE-PolyBench,serverless__serverless-5531,False,serverless__serverless-5531,serverless/serverless,serverless/serverless,5531,base_commit_and_pr;case_insensitive_repo;exact_repo,True,identical
SWE-PolyBench,serverless__serverless-5602,False,serverless__serverless-5602,serverless/serverless,serverless/serverless,5602,base_commit_and_pr;case_insensitive_repo;exact_repo,True,identical
SWE-PolyBench,serverless__serverless-5635,False,serverless__serverless-5635,serverless/serverless,serverless/serverless,5635,base_commit_and_pr;case_insensitive_repo;exact_repo,True,identical
SWE-PolyBench,serverless__serverless-5638,False,serverless__serverless-5638,serverless/serverless,serverless/serverless,5638,base_commit_and_pr;case_insensitive_repo;exact_repo,True,identical
SWE-PolyBench,serverless__serverless-5639,False,serverless__serverless-5639,serverless/serverless,serverless/serverless,5639,base_commit_and_pr;case_insensitive_repo;exact_repo,True,identical
SWE-PolyBench,serverless__serverless-5650,False,serverless__serverless-5650,serverless/serverless,serverless/serverless,5650,base_commit_and_pr;case_insensitive_repo;exact_repo,True,identical
SWE-PolyBench,serverless__serverless-5662,False,serverless__serverless-5662,serverless/serverless,serverless/serverless,5662,base_commit_and_pr;case_insensitive_repo;exact_repo,True,identical
SWE-PolyBench,serverless__serverless-5688,False,serverless__serverless-5688,serverless/serverless,serverless/serverless,5688,base_commit_and_pr;case_insensitive_repo;exact_repo,True,identical
SWE-PolyBench,serverless__serverless-5694,False,serverless__serverless-5694,serverless/serverless,serverless/serverless,5694,base_commit_and_pr;case_insensitive_repo;exact_repo,True,identical
SWE-PolyBench,serverless__serverless-5728,False,serverless__serverless-5728,serverless/serverless,serverless/serverless,5728,base_commit_and_pr;case_insensitive_repo;exact_repo,True,identical
SWE-PolyBench,serverless__serverless-5775,True,serverless__serverless-5775,serverless/serverless,serverless/serverless,5775,base_commit_and_pr;case_insensitive_repo;exact_repo,True,identical
SWE-PolyBench,serverless__serverless-5799,False,serverless__serverless-5799,serverless/serverless,serverless/serverless,5799,base_commit_and_pr;case_insensitive_repo;exact_repo,True,identical
SWE-PolyBench,serverless__serverless-5809,False,serverless__serverless-5809,serverless/serverless,serverless/serverless,5809,base_commit_and_pr;case_insensitive_repo;exact_repo,True,identical
SWE-PolyBench,serverless__serverless-5840,False,serverless__serverless-5840,serverless/serverless,serverless/serverless,5840,base_commit_and_pr;case_insensitive_repo;exact_repo,True,partly_identical
SWE-PolyBench,serverless__serverless-5842,True,serverless__serverless-5842,serverless/serverless,serverless/serverless,5842,base_commit_and_pr;case_insensitive_repo;exact_repo,True,identical
SWE-PolyBench,serverless__serverless-5860,True,serverless__serverless-5860,serverless/serverless,serverless/serverless,5860,base_commit_and_pr;case_insensitive_repo;exact_repo,True,identical
SWE-PolyBench,serverless__serverless-5865,False,serverless__serverless-5865,serverless/serverless,serverless/serverless,5865,base_commit_and_pr;case_insensitive_repo;exact_repo,True,identical
SWE-PolyBench,serverless__serverless-5880,False,serverless__serverless-5880,serverless/serverless,serverless/serverless,5880,base_commit_and_pr;case_insensitive_repo;exact_repo,True,identical
SWE-PolyBench,serverless__serverless-5885,False,serverless__serverless-5885,serverless/serverless,serverless/serverless,5885,base_commit_and_pr;case_insensitive_repo;exact_repo,True,identical
SWE-PolyBench,serverless__serverless-5926,False,serverless__serverless-5926,serverless/serverless,serverless/serverless,5926,base_commit_and_pr;case_insensitive_repo;exact_repo,True,identical
SWE-PolyBench,serverless__serverless-5956,False,serverless__serverless-5956,serverless/serverless,serverless/serverless,5956,base_commit_and_pr;case_insensitive_repo;exact_repo,True,identical
SWE-PolyBench,serverless__serverless-5988,False,serverless__serverless-5988,serverless/serverless,serverless/serverless,5988,base_commit_and_pr;case_insensitive_repo;exact_repo,True,identical
SWE-PolyBench,serverless__serverless-5994,False,serverless__serverless-5994,serverless/serverless,serverless/serverless,5994,base_commit_and_pr;case_insensitive_repo;exact_repo,True,identical
SWE-PolyBench,serverless__serverless-6000,False,serverless__serverless-6000,serverless/serverless,serverless/serverless,6000,base_commit_and_pr;case_insensitive_repo;exact_repo,True,identical
SWE-PolyBench,serverless__serverless-6038,False,serverless__serverless-6038,serverless/serverless,serverless/serverless,6038,base_commit_and_pr;case_insensitive_repo;exact_repo,True,identical
SWE-PolyBench,serverless__serverless-6057,False,serverless__serverless-6057,serverless/serverless,serverless/serverless,6057,base_commit_and_pr;case_insensitive_repo;exact_repo,True,identical
SWE-PolyBench,serverless__serverless-6121,False,serverless__serverless-6121,serverless/serverless,serverless/serverless,6121,base_commit_and_pr;case_insensitive_repo;exact_repo,True,identical
SWE-PolyBench,serverless__serverless-6192,False,serverless__serverless-6192,serverless/serverless,serverless/serverless,6192,base_commit_and_pr;case_insensitive_repo;exact_repo,True,identical
SWE-PolyBench,serverless__serverless-6244,False,serverless__serverless-6244,serverless/serverless,serverless/serverless,6244,base_commit_and_pr;case_insensitive_repo;exact_repo,True,identical
SWE-PolyBench,serverless__serverless-6261,True,serverless__serverless-6261,serverless/serverless,serverless/serverless,6261,base_commit_and_pr;case_insensitive_repo;exact_repo,True,identical
SWE-PolyBench,serverless__serverless-6272,False,serverless__serverless-6272,serverless/serverless,serverless/serverless,6272,base_commit_and_pr;case_insensitive_repo;exact_repo,True,identical
SWE-PolyBench,serverless__serverless-6310,False,serverless__serverless-6310,serverless/serverless,serverless/serverless,6310,base_commit_and_pr;case_insensitive_repo;exact_repo,True,identical
SWE-PolyBench,serverless__serverless-6322,False,serverless__serverless-6322,serverless/serverless,serverless/serverless,6322,base_commit_and_pr;case_insensitive_repo;exact_repo,True,identical
SWE-PolyBench,serverless__serverless-6332,False,serverless__serverless-6332,serverless/serverless,serverless/serverless,6332,base_commit_and_pr;case_insensitive_repo;exact_repo,True,identical
SWE-PolyBench,serverless__serverless-6345,False,serverless__serverless-6345,serverless/serverless,serverless/serverless,6345,base_commit_and_pr;case_insensitive_repo;exact_repo,True,identical
SWE-PolyBench,serverless__serverless-6365,False,serverless__serverless-6365,serverless/serverless,serverless/serverless,6365,base_commit_and_pr;case_insensitive_repo;exact_repo,True,identical
SWE-PolyBench,serverless__serverless-6366,True,serverless__serverless-6366,serverless/serverless,serverless/serverless,6366,base_commit_and_pr;case_insensitive_repo;exact_repo,True,identical
SWE-PolyBench,serverless__serverless-6402,False,serverless__serverless-6402,serverless/serverless,serverless/serverless,6402,base_commit_and_pr;case_insensitive_repo;exact_repo,True,identical
SWE-PolyBench,serverless__serverless-6417,False,serverless__serverless-6417,serverless/serverless,serverless/serverless,6417,base_commit_and_pr;case_insensitive_repo;exact_repo,True,identical
SWE-PolyBench,serverless__serverless-6427,False,serverless__serverless-6427,serverless/serverless,serverless/serverless,6427,base_commit_and_pr;case_insensitive_repo;exact_repo,True,identical
SWE-PolyBench,serverless__serverless-6445,False,serverless__serverless-6445,serverless/serverless,serverless/serverless,6445,base_commit_and_pr;case_insensitive_repo;exact_repo,True,identical
SWE-PolyBench,serverless__serverless-6446,False,serverless__serverless-6446,serverless/serverless,serverless/serverless,6446,base_commit_and_pr;case_insensitive_repo;exact_repo,True,identical
SWE-PolyBench,serverless__serverless-6447,True,serverless__serverless-6447,serverless/serverless,serverless/serverless,6447,base_commit_and_pr;case_insensitive_repo;exact_repo,True,identical
SWE-PolyBench,serverless__serverless-6518,False,serverless__serverless-6518,serverless/serverless,serverless/serverless,6518,base_commit_and_pr;case_insensitive_repo;exact_repo,True,identical
SWE-PolyBench,serverless__serverless-6520,False,serverless__serverless-6520,serverless/serverless,serverless/serverless,6520,base_commit_and_pr;case_insensitive_repo;exact_repo,True,identical
SWE-PolyBench,serverless__serverless-6534,True,serverless__serverless-6534,serverless/serverless,serverless/serverless,6534,base_commit_and_pr;case_insensitive_repo;exact_repo,True,identical
SWE-PolyBench,serverless__serverless-6545,False,serverless__serverless-6545,serverless/serverless,serverless/serverless,6545,base_commit_and_pr;case_insensitive_repo;exact_repo,True,identical
SWE-PolyBench,serverless__serverless-6556,False,serverless__serverless-6556,serverless/serverless,serverless/serverless,6556,base_commit_and_pr;case_insensitive_repo;exact_repo,True,identical
SWE-PolyBench,serverless__serverless-6658,False,serverless__serverless-6658,serverless/serverless,serverless/serverless,6658,base_commit_and_pr;case_insensitive_repo;exact_repo,True,identical
SWE-PolyBench,serverless__serverless-6689,False,serverless__serverless-6689,serverless/serverless,serverless/serverless,6689,base_commit_and_pr;case_insensitive_repo;exact_repo,True,identical
SWE-PolyBench,serverless__serverless-6711,False,serverless__serverless-6711,serverless/serverless,serverless/serverless,6711,base_commit_and_pr;case_insensitive_repo;exact_repo,True,identical
SWE-PolyBench,serverless__serverless-6719,False,serverless__serverless-6719,serverless/serverless,serverless/serverless,6719,base_commit_and_pr;case_insensitive_repo;exact_repo,True,identical
SWE-PolyBench,serverless__serverless-6823,False,serverless__serverless-6823,serverless/serverless,serverless/serverless,6823,base_commit_and_pr;case_insensitive_repo;exact_repo,True,identical
SWE-PolyBench,serverless__serverless-6827,True,serverless__serverless-6827,serverless/serverless,serverless/serverless,6827,base_commit_and_pr;case_insensitive_repo;exact_repo,True,identical
SWE-PolyBench,serverless__serverless-6842,True,serverless__serverless-6842,serverless/serverless,serverless/serverless,6842,base_commit_and_pr;case_insensitive_repo;exact_repo,True,identical
SWE-PolyBench,serverless__serverless-6869,True,serverless__serverless-6869,serverless/serverless,serverless/serverless,6869,base_commit_and_pr;case_insensitive_repo;exact_repo,True,identical
SWE-PolyBench,serverless__serverless-6871,False,serverless__serverless-6871,serverless/serverless,serverless/serverless,6871,base_commit_and_pr;case_insensitive_repo;exact_repo,True,identical
SWE-PolyBench,serverless__serverless-6879,False,serverless__serverless-6879,serverless/serverless,serverless/serverless,6879,base_commit_and_pr;case_insensitive_repo;exact_repo,True,identical
SWE-PolyBench,serverless__serverless-6922,False,serverless__serverless-6922,serverless/serverless,serverless/serverless,6922,base_commit_and_pr;case_insensitive_repo;exact_repo,True,identical
SWE-PolyBench,serverless__serverless-6954,False,serverless__serverless-6954,serverless/serverless,serverless/serverless,6954,base_commit_and_pr;case_insensitive_repo;exact_repo,True,identical
SWE-PolyBench,serverless__serverless-6987,True,serverless__serverless-6987,serverless/serverless,serverless/serverless,6987,base_commit_and_pr;case_insensitive_repo;exact_repo,True,identical
SWE-PolyBench,serverless__serverless-6996,False,serverless__serverless-6996,serverless/serverless,serverless/serverless,6996,base_commit_and_pr;case_insensitive_repo;exact_repo,True,identical
SWE-PolyBench,serverless__serverless-7024,False,serverless__serverless-7024,serverless/serverless,serverless/serverless,7024,base_commit_and_pr;case_insensitive_repo;exact_repo,True,identical
SWE-PolyBench,serverless__serverless-7031,False,serverless__serverless-7031,serverless/serverless,serverless/serverless,7031,base_commit_and_pr;case_insensitive_repo;exact_repo,True,identical
SWE-PolyBench,serverless__serverless-7040,False,serverless__serverless-7040,serverless/serverless,serverless/serverless,7040,base_commit_and_pr;case_insensitive_repo;exact_repo,True,identical
SWE-PolyBench,serverless__serverless-7044,False,serverless__serverless-7044,serverless/serverless,serverless/serverless,7044,base_commit_and_pr;case_insensitive_repo;exact_repo,True,identical
SWE-PolyBench,serverless__serverless-7054,False,serverless__serverless-7054,serverless/serverless,serverless/serverless,7054,base_commit_and_pr;case_insensitive_repo;exact_repo,True,identical
SWE-PolyBench,serverless__serverless-7110,False,serverless__serverless-7110,serverless/serverless,serverless/serverless,7110,base_commit_and_pr;case_insensitive_repo;exact_repo,True,identical
SWE-PolyBench,serverless__serverless-7126,False,serverless__serverless-7126,serverless/serverless,serverless/serverless,7126,base_commit_and_pr;case_insensitive_repo;exact_repo,True,identical
SWE-PolyBench,serverless__serverless-7138,False,serverless__serverless-7138,serverless/serverless,serverless/serverless,7138,base_commit_and_pr;case_insensitive_repo;exact_repo,True,identical
SWE-PolyBench,serverless__serverless-7212,False,serverless__serverless-7212,serverless/serverless,serverless/serverless,7212,base_commit_and_pr;case_insensitive_repo;exact_repo,True,identical
SWE-PolyBench,serverless__serverless-7239,False,serverless__serverless-7239,serverless/serverless,serverless/serverless,7239,base_commit_and_pr;case_insensitive_repo;exact_repo,True,identical
SWE-PolyBench,serverless__serverless-7262,False,serverless__serverless-7262,serverless/serverless,serverless/serverless,7262,base_commit_and_pr;case_insensitive_repo;exact_repo,True,identical
SWE-PolyBench,serverless__serverless-7277,True,serverless__serverless-7277,serverless/serverless,serverless/serverless,7277,base_commit_and_pr;case_insensitive_repo;exact_repo,True,identical
SWE-PolyBench,serverless__serverless-7283,False,serverless__serverless-7283,serverless/serverless,serverless/serverless,7283,base_commit_and_pr;case_insensitive_repo;exact_repo,True,identical
SWE-PolyBench,serverless__serverless-7322,False,serverless__serverless-7322,serverless/serverless,serverless/serverless,7322,base_commit_and_pr;case_insensitive_repo;exact_repo,True,identical
SWE-PolyBench,serverless__serverless-7327,False,serverless__serverless-7327,serverless/serverless,serverless/serverless,7327,base_commit_and_pr;case_insensitive_repo;exact_repo,True,identical
SWE-PolyBench,serverless__serverless-7333,False,serverless__serverless-7333,serverless/serverless,serverless/serverless,7333,base_commit_and_pr;case_insensitive_repo;exact_repo,True,identical
SWE-PolyBench,serverless__serverless-7382,False,serverless__serverless-7382,serverless/serverless,serverless/serverless,7382,base_commit_and_pr;case_insensitive_repo;exact_repo,True,identical
SWE-PolyBench,serverless__serverless-7430,False,serverless__serverless-7430,serverless/serverless,serverless/serverless,7430,base_commit_and_pr;case_insensitive_repo;exact_repo,True,identical
SWE-PolyBench,serverless__serverless-7431,False,serverless__serverless-7431,serverless/serverless,serverless/serverless,7431,base_commit_and_pr;case_insensitive_repo;exact_repo,True,identical
SWE-PolyBench,serverless__serverless-7434,False,serverless__serverless-7434,serverless/serverless,serverless/serverless,7434,base_commit_and_pr;case_insensitive_repo;exact_repo,True,identical
SWE-PolyBench,serverless__serverless-7476,False,serverless__serverless-7476,serverless/serverless,serverless/serverless,7476,base_commit_and_pr;case_insensitive_repo;exact_repo,True,identical
SWE-PolyBench,serverless__serverless-7540,False,serverless__serverless-7540,serverless/serverless,serverless/serverless,7540,base_commit_and_pr;case_insensitive_repo;exact_repo,True,different
SWE-PolyBench,serverless__serverless-7576,False,serverless__serverless-7576,serverless/serverless,serverless/serverless,7576,base_commit_and_pr;case_insensitive_repo;exact_repo,True,identical
SWE-PolyBench,serverless__serverless-7617,True,serverless__serverless-7617,serverless/serverless,serverless/serverless,7617,base_commit_and_pr;case_insensitive_repo;exact_repo,True,identical
SWE-PolyBench,serverless__serverless-7623,False,serverless__serverless-7623,serverless/serverless,serverless/serverless,7623,base_commit_and_pr;case_insensitive_repo;exact_repo,True,partly_identical
SWE-PolyBench,serverless__serverless-7625,False,serverless__serverless-7625,serverless/serverless,serverless/serverless,7625,base_commit_and_pr;case_insensitive_repo;exact_repo,True,identical
SWE-PolyBench,serverless__serverless-7632,False,serverless__serverless-7632,serverless/serverless,serverless/serverless,7632,base_commit_and_pr;case_insensitive_repo;exact_repo,True,identical
SWE-PolyBench,serverless__serverless-7644,False,serverless__serverless-7644,serverless/serverless,serverless/serverless,7644,base_commit_and_pr;case_insensitive_repo;exact_repo,True,identical
SWE-PolyBench,serverless__serverless-7648,False,serverless__serverless-7648,serverless/serverless,serverless/serverless,7648,base_commit_and_pr;case_insensitive_repo;exact_repo,True,identical
SWE-PolyBench,serverless__serverless-7668,False,serverless__serverless-7668,serverless/serverless,serverless/serverless,7668,base_commit_and_pr;case_insensitive_repo;exact_repo,True,identical
SWE-PolyBench,serverless__serverless-8664,False,serverless__serverless-8664,serverless/serverless,serverless/serverless,8664,base_commit_and_pr;case_insensitive_repo;exact_repo,True,identical
Multi-SWE-bench,sharkdp__bat-1197,False,sharkdp__bat-1197,sharkdp/bat,sharkdp/bat,1197,base_commit_and_pr;case_insensitive_repo;exact_repo,True,identical
Multi-SWE-bench,sharkdp__bat-1276,False,sharkdp__bat-1276,sharkdp/bat,sharkdp/bat,1276,base_commit_and_pr;case_insensitive_repo;exact_repo,True,identical
Multi-SWE-bench,sharkdp__fd-1079,False,sharkdp__fd-1079,sharkdp/fd,sharkdp/fd,1079,base_commit_and_pr;case_insensitive_repo;exact_repo,True,identical
Multi-SWE-bench,sharkdp__fd-1121,False,sharkdp__fd-1121,sharkdp/fd,sharkdp/fd,1121,base_commit_and_pr;case_insensitive_repo;exact_repo,True,identical
Multi-SWE-bench,sharkdp__fd-1162,False,sharkdp__fd-1162,sharkdp/fd,sharkdp/fd,1162,base_commit_and_pr;case_insensitive_repo;exact_repo,True,identical
Multi-SWE-bench,sharkdp__fd-497,False,sharkdp__fd-497,sharkdp/fd,sharkdp/fd,497,base_commit_and_pr;case_insensitive_repo;exact_repo,True,identical
Multi-SWE-bench,sharkdp__fd-558,False,sharkdp__fd-558,sharkdp/fd,sharkdp/fd,558,base_commit_and_pr;case_insensitive_repo;exact_repo,True,identical
Multi-SWE-bench,sharkdp__fd-569,False,sharkdp__fd-569,sharkdp/fd,sharkdp/fd,569,base_commit_and_pr;case_insensitive_repo;exact_repo,True,partly_identical
Multi-SWE-bench,sharkdp__fd-590,False,sharkdp__fd-590,sharkdp/fd,sharkdp/fd,590,base_commit_and_pr;case_insensitive_repo;exact_repo,True,identical
Multi-SWE-bench,sharkdp__fd-658,False,sharkdp__fd-658,sharkdp/fd,sharkdp/fd,658,base_commit_and_pr;case_insensitive_repo;exact_repo,True,partly_identical
Multi-SWE-bench,sharkdp__fd-813,False,sharkdp__fd-813,sharkdp/fd,sharkdp/fd,813,base_commit_and_pr;case_insensitive_repo;exact_repo,True,partly_identical
Multi-SWE-bench,sharkdp__fd-986,False,sharkdp__fd-986,sharkdp/fd,sharkdp/fd,986,base_commit_and_pr;case_insensitive_repo;exact_repo,True,partly_identical
Multi-SWE-bench,simdjson__simdjson-2016,False,simdjson__simdjson-2016,simdjson/simdjson,simdjson/simdjson,2016,base_commit_and_pr;case_insensitive_repo;exact_repo,True,identical
Multi-SWE-bench,zeromicro__go-zero-1456,False,zeromicro__go-zero-1456,zeromicro/go-zero,zeromicro/go-zero,1456,base_commit_and_pr;case_insensitive_repo;exact_repo,True,identical
Multi-SWE-bench,zeromicro__go-zero-1783,False,zeromicro__go-zero-1783,zeromicro/go-zero,zeromicro/go-zero,1783,base_commit_and_pr;case_insensitive_repo;exact_repo,True,identical
Multi-SWE-bench,zeromicro__go-zero-1907,False,zeromicro__go-zero-1907,zeromicro/go-zero,zeromicro/go-zero,1907,base_commit_and_pr;case_insensitive_repo;exact_repo,True,identical
Multi-SWE-bench,zeromicro__go-zero-1969,False,zeromicro__go-zero-1969,zeromicro/go-zero,zeromicro/go-zero,1969,base_commit_and_pr;case_insensitive_repo;exact_repo,True,identical
Multi-SWE-bench,zeromicro__go-zero-2116,False,zeromicro__go-zero-2116,zeromicro/go-zero,zeromicro/go-zero,2116,base_commit_and_pr;case_insensitive_repo;exact_repo,True,identical
Multi-SWE-bench,zeromicro__go-zero-2283,False,zeromicro__go-zero-2283,zeromicro/go-zero,zeromicro/go-zero,2283,base_commit_and_pr;case_insensitive_repo;exact_repo,True,identical
Multi-SWE-bench,zeromicro__go-zero-2463,False,zeromicro__go-zero-2463,zeromicro/go-zero,zeromicro/go-zero,2463,base_commit_and_pr;case_insensitive_repo;exact_repo,True,identical
Multi-SWE-bench,zeromicro__go-zero-2537,False,zeromicro__go-zero-2537,zeromicro/go-zero,zeromicro/go-zero,2537,base_commit_and_pr;case_insensitive_repo;exact_repo,True,identical
Multi-SWE-bench,zeromicro__go-zero-2787,False,zeromicro__go-zero-2787,zeromicro/go-zero,zeromicro/go-zero,2787,base_commit_and_pr;case_insensitive_repo;exact_repo,True,identical
