secbench_instance,jm_rt_task,canonical_id,strict_blob_test,fix_lines_contained,crash_check,secbench_sanitizer,jm_rt_sanitizer
libxml2.ossfuzz-42484562,arvo:23120,42484562,same_blob_pairs,contained,type_only,AddressSanitizer,AddressSanitizer
libxml2.ossfuzz-42486772,arvo:25110,42486772,different_blob_pairs,not_contained,frame_only,AddressSanitizer,MemorySanitizer
libxml2.ossfuzz-42509369,arvo:45455,42509369,same_blob_pairs,contained,type_and_frame,AddressSanitizer,AddressSanitizer
libxml2.ossfuzz-42510687,arvo:46642,42510687,different_blob_pairs,not_contained,no_match,AddressSanitizer,MemorySanitizer
libxml2.ossfuzz-42517254,arvo:52554,42517254,different_blob_pairs,not_contained,type_and_frame,AddressSanitizer,AddressSanitizer
libxml2.ossfuzz-42525197,arvo:59706,42525197,same_blob_pairs,contained,type_only,AddressSanitizer,AddressSanitizer
libxml2.ossfuzz-42525210,arvo:59718,42525210,same_blob_pairs,contained,type_and_frame,AddressSanitizer,AddressSanitizer
libxml2.ossfuzz-42528943,arvo:63079,42528943,different_blob_pairs,contained,no_match,AddressSanitizer,MemorySanitizer
libxml2.ossfuzz-42528947,arvo:63082,42528947,different_blob_pairs,contained,type_and_frame,AddressSanitizer,AddressSanitizer
libxml2.ossfuzz-42528949,arvo:63084,42528949,different_blob_pairs,contained,no_match,AddressSanitizer,MemorySanitizer
libxml2.ossfuzz-42528951,arvo:63086,42528951,different_blob_pairs,contained,type_and_frame,AddressSanitizer,AddressSanitizer
libxml2.ossfuzz-42528994,arvo:63124,42528994,different_blob_pairs,contained,type_and_frame,AddressSanitizer,AddressSanitizer
libxml2.ossfuzz-42528997,arvo:63127,42528997,different_blob_pairs,contained,type_and_frame,AddressSanitizer,AddressSanitizer
libxml2.ossfuzz-42531092,arvo:65012,42531092,same_blob_pairs,contained,type_and_frame,AddressSanitizer,AddressSanitizer
libxml2.ossfuzz-42531481,arvo:65363,42531481,different_blob_pairs,not_contained,type_and_frame,AddressSanitizer,AddressSanitizer
matio.ossfuzz-42477894,arvo:17119,42477894,different_blob_pairs,contained,type_and_frame,AddressSanitizer,AddressSanitizer
matio.ossfuzz-42477896,arvo:17120,42477896,different_blob_pairs,contained,no_match,AddressSanitizer,MemorySanitizer
mruby.ossfuzz-42503233,arvo:39931,42503233,same_blob_pairs,contained,type_and_frame,AddressSanitizer,AddressSanitizer
mruby.ossfuzz-42503239,arvo:39937,42503239,same_blob_pairs,contained,type_and_frame,AddressSanitizer,AddressSanitizer
mruby.ossfuzz-42503243,arvo:39940,42503243,same_blob_pairs,contained,type_and_frame,AddressSanitizer,AddressSanitizer
mruby.ossfuzz-42513157,arvo:48866,42513157,different_blob_pairs,contained,frame_only,AddressSanitizer,UndefinedBehaviorSanitizer
mruby.ossfuzz-42513165,arvo:48873,42513165,different_blob_pairs,contained,type_and_frame,AddressSanitizer,AddressSanitizer
mruby.ossfuzz-42513630,arvo:49291,42513630,different_blob_pairs,contained,type_and_frame,AddressSanitizer,AddressSanitizer
mruby.ossfuzz-42517942,arvo:53173,42517942,same_blob_pairs,contained,frame_only,AddressSanitizer,UndefinedBehaviorSanitizer
mruby.ossfuzz-42532420,arvo:66208,42532420,different_blob_pairs,not_contained,type_and_frame,AddressSanitizer,AddressSanitizer
mruby.ossfuzz-42532953,arvo:66689,42532953,same_blob_pairs,contained,type_and_frame,AddressSanitizer,AddressSanitizer
njs.ossfuzz-42523579,arvo:58249,42523579,not_comparable,not_contained,type_only,AddressSanitizer,AddressSanitizer
njs.ossfuzz-42528868,arvo:63010,42528868,not_comparable,contained,type_and_frame,AddressSanitizer,MemorySanitizer
openexr.ossfuzz-42511621,arvo:47483,42511621,different_blob_pairs,contained,type_only,AddressSanitizer,AddressSanitizer
openexr.ossfuzz-42517450,arvo:52730,42517450,different_blob_pairs,contained,type_and_frame,AddressSanitizer,AddressSanitizer
openexr.ossfuzz-42524709,arvo:59267,42524709,different_blob_pairs,contained,type_only,AddressSanitizer,AddressSanitizer
openexr.ossfuzz-42524837,arvo:59382,42524837,different_blob_pairs,contained,type_and_frame,AddressSanitizer,AddressSanitizer
wasm3.ossfuzz-42495624,arvo:33078,42495624,different_blob_pairs,contained,type_and_frame,AddressSanitizer,AddressSanitizer
wasm3.ossfuzz-42495805,arvo:33240,42495805,different_blob_pairs,not_contained,type_and_frame,AddressSanitizer,AddressSanitizer
wasm3.ossfuzz-42496369,arvo:33749,42496369,different_blob_pairs,contained,type_only,AddressSanitizer,AddressSanitizer
