canonical_bug_id,mimo_instance_ids,specs_identical
42470109,arvo_42470109;arvo_10096,True
42470142,arvo_10125;arvo_42470142,True
42470155,arvo_10137;arvo_42470155,True
42470716,arvo_1065;arvo_42470716,True
42471100,arvo_10999;arvo_42471100,True
42471111,arvo_11007;arvo_42471111,True
42472620,arvo_1237;arvo_42472620,True
42472681,arvo_42472681;arvo_12424,True
42473267,arvo_42473267;arvo_12953,True
42473271,arvo_42473271;arvo_12957,True
42473518,arvo_42473518;arvo_13180,True
42473793,arvo_13428;arvo_42473793,True
42474622,arvo_42474622;arvo_14174,True
42474728,arvo_42474728;arvo_1427,True
42474926,arvo_14448;arvo_42474926,True
42474963,arvo_14481;arvo_42474963,True
42475210,arvo_14703;arvo_42475210,True
42475280,arvo_14767;arvo_42475280,True
42475294,arvo_1478;arvo_42475294,True
42475442,arvo_14912;arvo_42475442,True
42475467,arvo_14935;arvo_42475467,True
42475544,arvo_15003;arvo_42475544,True
42475665,arvo_15112;arvo_42475665,True
42476946,arvo_42476946;arvo_16266,True
42477334,arvo_16615;arvo_42477334,True
42477952,arvo_17171;arvo_42477952,True
42479120,arvo_18222;arvo_42479120,True
42479126,arvo_42479126;arvo_18228,True
42479230,arvo_42479230;arvo_18321,True
42479418,arvo_18491;arvo_42479418,True
42479497,arvo_18562;arvo_42479497,True
42479556,arvo_42479556;arvo_18615,True
42479686,arvo_18732;arvo_42479686,True
42479687,arvo_18733;arvo_42479687,True
42479691,arvo_42479691;arvo_18737,True
42480178,arvo_19175;arvo_42480178,True
42481258,arvo_42481258;arvo_20147,True
42481275,arvo_42481275;arvo_20162,True
42481392,arvo_20268;arvo_42481392,True
42481643,arvo_42481643;arvo_20494,True
42481762,arvo_42481762;arvo_20600,True
42481904,arvo_20729;arvo_42481904,True
42481924,arvo_42481924;arvo_20747,True
42481957,arvo_42481957;arvo_20777,True
42482009,arvo_20823;arvo_42482009,True
42482045,arvo_20856;arvo_42482045,True
42482052,arvo_20862;arvo_42482052,True
42482563,arvo_21321;arvo_42482563,True
42482568,arvo_21326;arvo_42482568,True
42482604,arvo_21359;arvo_42482604,True
42482609,arvo_42482609;arvo_21363,True
42482611,arvo_42482611;arvo_21365,True
42482847,arvo_42482847;arvo_21578,True
42482848,arvo_42482848;arvo_21579,True
42482877,arvo_42482877;arvo_21604,True
42483004,arvo_21719;arvo_42483004,True
42483502,arvo_42483502;arvo_22167,True
42483588,arvo_22244;arvo_42483588,True
42483697,arvo_42483697;arvo_22342,True
42483782,arvo_42483782;arvo_22419,True
42483869,arvo_42483869;arvo_22498,True
42483934,arvo_22556;arvo_42483934,True
42484402,arvo_42484402;arvo_22978,True
42484867,arvo_42484867;arvo_23396,True
42484906,arvo_23430;arvo_42484906,True
42485014,arvo_42485014;arvo_23529,True
42485448,arvo_2392;arvo_42485448,True
42486152,arvo_24553;arvo_42486152,True
42486193,arvo_24590;arvo_42486193,True
42486531,arvo_24895;arvo_42486531,True
42486582,arvo_24940;arvo_42486582,True
42486834,arvo_42486834;arvo_25167,True
42487661,arvo_42487661;arvo_25911,True
42487782,arvo_2602;arvo_42487782,True
42487793,arvo_42487793;arvo_2603,True
42488057,arvo_42488057;arvo_26268,True
42488143,arvo_26345;arvo_42488143,True
42488508,arvo_26674;arvo_42488508,True
42488760,arvo_42488760;arvo_26900,True
42489180,arvo_27279;arvo_42489180,True
42489330,arvo_27413;arvo_42489330,True
42489660,arvo_27710;arvo_42489660,True
42489817,arvo_27852;arvo_42489817,True
42490006,arvo_42490006;arvo_28021,True
42490119,arvo_28123;arvo_42490119,True
42490508,arvo_28474;arvo_42490508,True
42490552,arvo_42490552;arvo_28513,True
42491458,arvo_29329;arvo_42491458,True
42491638,arvo_29491;arvo_42491638,True
42491719,arvo_29564;arvo_42491719,True
42491796,arvo_42491796;arvo_29633,True
42491972,arvo_42491972;arvo_29792,True
42492002,arvo_29819;arvo_42492002,True
42492465,arvo_42492465;arvo_30234,True
42492610,arvo_30365;arvo_42492610,True
42492762,arvo_30501;arvo_42492762,True
42492801,arvo_30537;arvo_42492801,True
42493084,arvo_42493084;arvo_30792,True
42493261,arvo_42493261;arvo_30951,True
42493861,arvo_31491;arvo_42493861,True
42494585,arvo_42494585;arvo_32142,False
42494837,arvo_42494837;arvo_3237,True
42494963,arvo_32483;arvo_42494963,True
42495624,arvo_42495624;arvo_33078,True
42495681,arvo_42495681;arvo_33129,True
42495949,arvo_33370;arvo_42495949,True
42497715,arvo_42497715;arvo_34960,True
42497943,arvo_42497943;arvo_35165,True
42498216,arvo_42498216;arvo_35410,True
42498471,arvo_42498471;arvo_35640,True
42498525,arvo_42498525;arvo_3569,True
42498712,arvo_35858;arvo_42498712,True
42498720,arvo_35865;arvo_42498720,True
42499204,arvo_3630;arvo_42499204,True
42499607,arvo_36663;arvo_42499607,True
42500027,arvo_37041;arvo_42500027,True
42501289,arvo_42501289;arvo_3818,True
42501527,arvo_42501527;arvo_38394,True
42501952,arvo_42501952;arvo_38778,True
42501979,arvo_42501979;arvo_38801,True
42502055,arvo_42502055;arvo_38870,True
42502685,arvo_39438;arvo_42502685,True
42503090,arvo_39802;arvo_42503090,True
42503375,arvo_40058;arvo_42503375,True
42503442,arvo_40118;arvo_42503442,True
42505804,arvo_42505804;arvo_42244,True
42506064,arvo_42506064;arvo_42479,True
42506130,arvo_42538;arvo_42506130,True
42506541,arvo_42908;arvo_42506541,True
42506705,arvo_43055;arvo_42506705,True
42507587,arvo_4385;arvo_42507587,True
42507848,arvo_44086;arvo_42507848,True
42507851,arvo_42507851;arvo_44089,True
42508319,arvo_42508319;arvo_4451,True
42508986,arvo_42508986;arvo_4511,True
42513200,arvo_42513200;arvo_48904,True
42514310,arvo_49903;arvo_42514310,True
42516148,arvo_42516148;arvo_51558,True
42516374,arvo_51761;arvo_42516374,True
42516681,arvo_42516681;arvo_52037,True
42516713,arvo_42516713;arvo_52066,True
42516977,arvo_42516977;arvo_52303,True
42517657,arvo_42517657;arvo_52917,True
42518471,arvo_42518471;arvo_5365,True
42518543,arvo_53714;arvo_42518543,True
42519761,arvo_42519761;arvo_54810,True
42519792,arvo_54839;arvo_42519792,True
42520011,arvo_55035;arvo_42520011,True
42521023,arvo_42521023;arvo_55948,True
42522845,arvo_42522845;arvo_57589,True
42523656,arvo_42523656;arvo_58319,True
42523812,arvo_42523812;arvo_5846,True
42524177,arvo_58789;arvo_42524177,True
42524722,arvo_42524722;arvo_59279,True
42525170,arvo_42525170;arvo_59682,True
42528131,arvo_42528131;arvo_62348,True
42528228,arvo_42528228;arvo_62435,True
42530097,arvo_64117;arvo_42530097,True
42530230,arvo_42530230;arvo_64237,True
42530518,arvo_64497;arvo_42530518,True
42531311,arvo_42531311;arvo_6521,True
42531371,arvo_42531371;arvo_65264,True
42532421,arvo_66209;arvo_42532421,True
42540578,arvo_8944;arvo_42540578,True
