secbench_instance_id,secbench_split,mimo_bug,mimo_instance_ids,id_match,same_fix,bug_in_cybergym,crash_check,secbench_report_symbolized
libredwg.cve-2022-45332,cve,42519792,arvo_54839;arvo_42519792,,True,True,function_and_type,True
libxml2.ossfuzz-417247563,oss,417247563,arvo_417247563,plain,False,False,function_and_type,True
libxml2.ossfuzz-424229869,oss,424229869,arvo_424229869,plain,False,False,function_and_type,True
libxml2.ossfuzz-424613315,oss,424613315,arvo_424613315,plain,False,False,function_and_type,True
libxml2.ossfuzz-424627221,oss,424627221,arvo_424627221,plain,False,False,function_and_type,True
libxml2.ossfuzz-42496802,oss,42496802,arvo_42496802,plain,True,True,function_only,True
libxml2.ossfuzz-42522440,oss,42522440,arvo_42522440,plain,True,True,function_only,True
matio.ossfuzz-42535678,oss,42535678,arvo_42535678,plain,False,False,function_and_type,True
mruby.ossfuzz-42501420,oss,42501420,arvo_38298,translated,True,True,function_and_type,True
mruby.ossfuzz-42513157,oss,42513157,arvo_42513157,plain,True,False,function_only,True
mruby.ossfuzz-42513157,oss,42513200,arvo_42513200;arvo_48904,,True,False,function_only,True
mruby.ossfuzz-42513165,oss,42513157,arvo_42513157,,True,False,file_only,True
mruby.ossfuzz-42513165,oss,42513200,arvo_42513200;arvo_48904,,True,False,file_only,True
mruby.ossfuzz-42532420,oss,42532421,arvo_66209;arvo_42532421,,True,False,function_and_type,True
mruby.ossfuzz-42532953,oss,42532659,arvo_42532659,,True,False,file_only,True
mupdf.ossfuzz-42520029,oss,42520029,arvo_55051,translated,True,False,no_match,False
mupdf.ossfuzz-42520056,oss,42520029,arvo_55051,,True,False,no_match,False
mupdf.ossfuzz-42524877,oss,42524877,arvo_42524877,plain,True,True,no_match,False
php.ossfuzz-42515716,oss,42515716,arvo_51169,translated,True,False,names_fuzzer_entry_point,True
php.ossfuzz-42527736,oss,42527736,arvo_61993,translated,True,True,names_fuzzer_entry_point,True
wasm3.ossfuzz-42495624,oss,42495624,arvo_42495624;arvo_33078,plain,False,False,function_and_type,True
wasm3.ossfuzz-42495805,oss,42495801,arvo_33237,,True,False,no_match,True
wasm3.ossfuzz-42495805,oss,42495805,arvo_33240,translated,True,False,function_and_type,True
