canonical_bug_id,cybergym_task_ids,cybergym_project,mimo_instance_ids,match_type
42470064,arvo:10055,graphicsmagick,arvo_10055,exact
42470109,arvo:10096,graphicsmagick,arvo_42470109;arvo_10096,exact
42470379,arvo:10341,harfbuzz,arvo_10341,exact
42470443,arvo:10400,graphicsmagick,arvo_42470443,translated
42470635,arvo:10574,libaom,arvo_10574,exact
42470716,arvo:1065,file,arvo_1065;arvo_42470716,exact
42470928,arvo:10841,librawspeed,arvo_10841,exact
42470953,arvo:10864,wpantund,arvo_10864,exact
42471100,arvo:10999,libgit2,arvo_10999;arvo_42471100,exact
42471111,arvo:11007,libgit2,arvo_11007;arvo_42471111,exact
42471188,arvo:11078,librawspeed,arvo_42471188,translated
42471287,arvo:11167,libgit2,arvo_11167,exact
42471294,arvo:11173,libgit2,arvo_42471294,translated
42471374,arvo:11245,harfbuzz,arvo_11245,exact
42472071,arvo:11876,graphicsmagick,arvo_11876,exact
42472107,arvo:11908,harfbuzz,arvo_11908,exact
42472620,arvo:1237,wireshark,arvo_1237;arvo_42472620,exact
42472727,arvo:12466,libarchive,arvo_12466,exact
42473363,arvo:1304,gnutls,arvo_1304,exact
42473835,arvo:13466,capstone,arvo_13466,exact
42473850,arvo:1348,ffmpeg,arvo_42473850,translated
42474668,arvo:14215,graphicsmagick,arvo_42474668,translated
42474934,arvo:14455,lwan,arvo_42474934,translated
42474963,arvo:14481,net-snmp,arvo_14481;arvo_42474963,exact
42475075,arvo:14582,lwan,arvo_42475075,translated
42475106,arvo:1461,libxml2,arvo_42475106,translated
42475210,arvo:14703,karchive,arvo_14703;arvo_42475210,exact
42475239,arvo:1473,ffmpeg,arvo_1473,exact
42475280,arvo:14767,perfetto,arvo_14767;arvo_42475280,exact
42475332,arvo:14813,yara,arvo_14813,exact
42475442,arvo:14912,capstone,arvo_14912;arvo_42475442,exact
42475467,arvo:14935,libspng,arvo_14935;arvo_42475467,exact
42475544,arvo:15003,radare2,arvo_15003;arvo_42475544,exact
42477158,arvo:16457,flac,arvo_16457,exact
42477252,arvo:16541,zstd,arvo_16541,exact
42477952,arvo:17171,libxslt,arvo_17171;arvo_42477952,exact
42479126,arvo:18228,binutils,arvo_42479126;arvo_18228,exact
42479230,arvo:18321,radare2,arvo_42479230;arvo_18321,exact
42479497,arvo:18562,lwan,arvo_18562;arvo_42479497,exact
42479556,arvo:18615,binutils,arvo_42479556;arvo_18615,exact
42479846,arvo:18877,librawspeed,arvo_42479846,translated
42479930,arvo:18952,lwan,arvo_18952,exact
42480096,arvo:19100,ndpi,arvo_19100,exact
42480353,arvo:19332,ndpi,arvo_42480353,translated
42480815,arvo:1975,gdal,arvo_42480815,translated
42480826,arvo:1976,libxml2,arvo_1976,exact
42480985,arvo:19902,mruby,arvo_19902,exact
42481258,arvo:20147,binutils,arvo_42481258;arvo_20147,exact
42481643,arvo:20494,ffmpeg,arvo_42481643;arvo_20494,exact
42482009,arvo:20823,ndpi,arvo_20823;arvo_42482009,exact
42482100,arvo:20905,njs,arvo_42482100,translated
42482207,arvo:21000,ndpi,arvo_42482207,translated
42482540,arvo:21300,binutils,arvo_21300,exact
42482549,arvo:21309,ndpi,arvo_42482549,translated
42482563,arvo:21321,binutils,arvo_21321;arvo_42482563,exact
42482566,arvo:21324,binutils,arvo_42482566,translated
42482567,arvo:21325,binutils,arvo_21325,exact
42482604,arvo:21359,binutils,arvo_21359;arvo_42482604,exact
42482847,arvo:21578,libucl,arvo_42482847;arvo_21578,exact
42482848,arvo:21579,libucl,arvo_42482848;arvo_21579,exact
42482877,arvo:21604,poppler,arvo_42482877;arvo_21604,exact
42483223,arvo:21916,jsoncpp,arvo_21916,exact
42483588,arvo:22244,ndpi,arvo_22244;arvo_42483588,exact
42484402,arvo:22978,libraw,arvo_42484402;arvo_22978,exact
42484452,arvo:23021,ndpi,arvo_42484452,translated
42484510,arvo:23074,binutils,arvo_42484510,translated
42485153,arvo:23654,leptonica,arvo_42485153,translated
42485223,arvo:23717,c-blosc2,arvo_23717,exact
42485232,arvo:23725,hermes,arvo_42485232,translated
42485561,arvo:24020,binutils,arvo_42485561,translated
42485647,arvo:24099,wireshark,arvo_42485647,translated
42485741,arvo:24183,opensc,arvo_24183,exact
42486241,arvo:24633,arduinojson,arvo_24633,exact
42486784,arvo:25121,leptonica,arvo_25121,exact
42486834,arvo:25167,libzmq,arvo_42486834;arvo_25167,exact
42487028,arvo:25341,assimp,arvo_25341,exact
42487238,arvo:25530,libsndfile,arvo_25530,exact
42487660,arvo:25910,libavif,arvo_42487660,translated
42488143,arvo:26345,fluent-bit,arvo_26345;arvo_42488143,exact
42488205,arvo:26400,mruby,arvo_26400,exact
42488517,arvo:26682,miniz,arvo_42488517,translated
42489180,arvo:27279,fluent-bit,arvo_27279;arvo_42489180,exact
42489330,arvo:27413,miniz,arvo_27413;arvo_42489330,exact
42489660,arvo:27710,fluent-bit,arvo_27710;arvo_42489660,exact
42489669,arvo:27719,opensc,arvo_27719,exact
42489777,arvo:27816,c-blosc2,arvo_42489777,translated
42489910,arvo:27936,libjpeg-turbo,arvo_42489910,translated
42490053,arvo:28064,libjpeg-turbo,arvo_42490053,translated
42490150,arvo:28151,serenity,arvo_28151,exact
42490247,arvo:28239,serenity,arvo_28239,exact
42490495,arvo:28462,selinux,arvo_28462,exact
42490500,arvo:28467,selinux,arvo_28467,exact
42490708,arvo:28654,selinux,arvo_42490708,translated
42490844,arvo:28777,hiredis,arvo_28777,exact
42491208,arvo:29103,wolfssl,arvo_42491208,translated
42491388,arvo:29266,serenity,arvo_29266,exact
42491389,arvo:29267,serenity,arvo_42491389,translated
42491468,arvo:29338,serenity,arvo_42491468,translated
42491719,arvo:29564,fio,arvo_29564;arvo_42491719,exact
42491796,arvo:29633,fio,arvo_42491796;arvo_29633,exact
42491946,arvo:29769,libssh2,arvo_42491946,translated
42492331,arvo:30113,c-blosc2,arvo_42492331,translated
42492446,arvo:30217,yara,arvo_30217,exact
42492465,arvo:30234,selinux,arvo_42492465;arvo_30234,exact
42492768,arvo:30507,serenity,arvo_42492768,translated
42493685,arvo:31332,md4c,arvo_31332,exact
42493861,arvo:31491,irssi,arvo_31491;arvo_42493861,exact
42494962,arvo:32482,lxc,arvo_42494962,translated
42495043,arvo:32555,harfbuzz,arvo_42495043,translated
42496155,arvo:33556,lxc,arvo_33556,exact
42496326,arvo:3371,librawspeed,arvo_42496326,translated
42496486,arvo:33854,serenity,arvo_33854,exact
42496802,arvo:34138,libxml2,arvo_42496802,translated
42497326,arvo:3461,librawspeed,arvo_3461,exact
42497725,arvo:3497,librawspeed,arvo_42497725,translated
42497943,arvo:35165,binutils,arvo_42497943;arvo_35165,exact
42498148,arvo:3535,wireshark,arvo_3535,exact
42498216,arvo:35410,wolfssl,arvo_42498216;arvo_35410,exact
42498525,arvo:3569,proj4,arvo_42498525;arvo_3569,exact
42498762,arvo:35902,h3,arvo_42498762,translated
42499204,arvo:3630,proj4,arvo_3630;arvo_42499204,exact
42499751,arvo:36793,serenity,arvo_36793,exact
42499759,arvo:3680,librawspeed,arvo_3680,exact
42499883,arvo:36911,harfbuzz,arvo_42499883,translated
42499979,arvo:36999,harfbuzz,arvo_36999,exact
42500473,arvo:37443,yara,arvo_37443,exact
42501146,arvo:38050,kamailio,arvo_42501146,translated
42501289,arvo:3818,librawspeed,arvo_42501289;arvo_3818,exact
42501420,arvo:38298,mruby,arvo_38298,exact
42502055,arvo:38870,assimp,arvo_42502055;arvo_38870,exact
42502644,arvo:3940,proj4,arvo_42502644,translated
42503090,arvo:39802,opensips,arvo_39802;arvo_42503090,exact
42503663,arvo:40317,libbpf,arvo_40317,exact
42503827,arvo:40465,binutils,arvo_40465,exact
42504059,arvo:40674,libdwarf,arvo_40674,exact
42505670,arvo:42123,tinygltf,arvo_42123,exact
42505785,arvo:42227,lcms,arvo_42227,exact
42506064,arvo:42479,ghostscript,arvo_42506064;arvo_42479,exact
42506130,arvo:42538,glib,arvo_42538;arvo_42506130,exact
42506520,arvo:4289,librawspeed,arvo_42506520,translated
42506817,arvo:43156,ghostscript,arvo_43156,exact
42506888,arvo:4322,librawspeed,arvo_4322,exact
42507126,arvo:43434,binutils,arvo_42507126,translated
42507791,arvo:44034,ghostscript,arvo_42507791,translated
42507851,arvo:44089,libplist,arvo_42507851;arvo_44089,exact
42508039,arvo:44258,ghostscript,arvo_44258,exact
42508319,arvo:4451,librawspeed,arvo_42508319;arvo_4451,exact
42508524,arvo:44695,libplist,arvo_44695,exact
42508712,arvo:44864,binutils,arvo_44864,exact
42508737,arvo:44887,opensips,arvo_44887,exact
42508844,arvo:44983,ghostscript,arvo_42508844,translated
42508904,arvo:45036,ndpi,arvo_42508904,translated
42508986,arvo:4511,librawspeed,arvo_42508986;arvo_4511,exact
42510954,arvo:46883,flatbuffers,arvo_46883,exact
42511086,arvo:47000,ndpi,arvo_47000,exact
42511179,arvo:47085,knot-dns,arvo_42511179,translated
42511198,arvo:47101,binutils,arvo_47101,exact
42512179,arvo:47986,libical,arvo_42512179,translated
42513013,arvo:48736,file,arvo_48736,exact
42513154,arvo:48863,libpcap,arvo_48863,exact
42513357,arvo:49045,mruby,arvo_42513357,translated
42514015,arvo:49638,ndpi,arvo_42514015,translated
42514310,arvo:49903,zlib,arvo_49903;arvo_42514310,exact
42515676,arvo:51132,fluent-bit,arvo_51132,exact
42515924,arvo:51356,h3,arvo_42515924,translated
42516154,arvo:51563,coturn,arvo_42516154,translated
42516681,arvo:52037,gpsd,arvo_42516681;arvo_52037,exact
42516713,arvo:52066,mapserver,arvo_42516713;arvo_52066,exact
42516867,arvo:52204,opensips,arvo_52204,exact
42516894,arvo:52229,ndpi,arvo_52229,exact
42518583,arvo:53750,libredwg,arvo_42518583,translated
42519792,arvo:54839,libredwg,arvo_54839;arvo_42519792,exact
42519926,arvo:5496,mupdf,arvo_42519926,translated
42519940,arvo:54972,wireshark,arvo_54972,exact
42520589,arvo:55556,boringssl,arvo_42520589,translated
42520883,arvo:55820,mosquitto,arvo_55820,exact
42520935,arvo:55868,mupdf,arvo_42520935,translated
42521023,arvo:55948,mosquitto,arvo_42521023;arvo_55948,exact
42521255,arvo:56156,ghostscript,arvo_56156,exact
42521585,arvo:56454,libdwarf,arvo_42521585,translated
42522440,arvo:57223,libxml2,arvo_42522440,translated
42522452,arvo:57234,libxslt,arvo_42522452,translated
42522601,arvo:57369,ndpi,arvo_42522601,translated
42522636,arvo:5740,imagemagick,arvo_42522636,translated
42522648,arvo:57410,libxml2,arvo_42522648,translated
42522683,arvo:57442,libdwarf,arvo_42522683,translated
42523066,arvo:57788,mapserver,arvo_57788,exact
42523169,arvo:57880,ghostscript,arvo_42523169,translated
42523804,arvo:58452,faad2,arvo_42523804,translated
42523916,arvo:58553,hunspell,arvo_42523916,translated
42524846,arvo:59390,mupdf,arvo_42524846,translated
42524877,arvo:59418,mupdf,arvo_42524877,translated
42525816,arvo:60262,serenity,arvo_60262,exact
42526143,arvo:60557,ndpi,arvo_42526143,translated
42527431,arvo:61718,libheif,arvo_42527431,translated
42527435,arvo:61721,cpython3,arvo_61721,exact
42527736,arvo:61993,php,arvo_61993,exact
42527841,arvo:62087,icu,arvo_62087,exact
42528217,arvo:62425,icu,arvo_62425,exact
42528658,arvo:62822,mruby,arvo_62822,exact
42528677,arvo:6284,skia,arvo_42528677,translated
42529252,arvo:63357,serenity,arvo_63357,exact
42530054,arvo:64079,serenity,arvo_64079,exact
42531228,arvo:65135,php,arvo_65135,exact
42531311,arvo:6521,skcms,arvo_42531311;arvo_6521,exact
42531371,arvo:65264,gpac,arvo_42531371;arvo_65264,exact
42531553,arvo:65428,ntopng,arvo_42531553,translated
42531617,arvo:65486,icu,arvo_42531617,translated
42532477,arvo:6626,botan,arvo_42532477,translated
42532685,arvo:66447,gpac,arvo_42532685,translated
42532983,arvo:66715,gpac,arvo_42532983,translated
42533566,arvo:6724,gdal,arvo_42533566,translated
42537168,oss-fuzz:42537168,mupdf,arvo_42537168,exact
42537562,oss-fuzz:42537562,ffmpeg,arvo_42537562,exact
42538533,arvo:7171,librawspeed,arvo_42538533,translated
42538811,arvo:7350,graphicsmagick,arvo_42538811,translated
42540117,arvo:8529,poppler,arvo_42540117,translated
42540213,arvo:8615,graphicsmagick,arvo_42540213,translated
42540566,arvo:8933,freetype2,arvo_42540566,translated
42540578,arvo:8944,graphicsmagick,arvo_8944;arvo_42540578,exact
42541718,arvo:9970,mupdf,arvo_42541718,translated
386128948,oss-fuzz:386128948,wamr,arvo_386128948,exact
388905046,oss-fuzz:388905046,libbpf,arvo_388905046,exact
