mimo_bug,mimo_instance_ids,mimo_bug_is_cybergym_task,cybergym_task_id,project,same_fix_commit,same_crash_signature,records_with_this_signature,different_fix_commits,crash_check
42479930,arvo_18952,True,arvo:19013,lwan,False,True,2,True,function_and_type
42482567,arvo_21325,True,arvo:22670,binutils-gdb,False,True,2,True,function_and_type
42489669,arvo_27719,True,arvo:27480,opensc,False,True,2,True,function_and_type
42496326,arvo_42496326,True,arvo:3411,librawspeed,False,True,12,True,function_and_type
42496326,arvo_42496326,True,arvo:3438,librawspeed,False,True,12,True,function_and_type
42496326,arvo_42496326,True,arvo:3531,librawspeed,False,True,12,True,function_and_type
42496326,arvo_42496326,True,arvo:3560,librawspeed,False,True,12,True,function_and_type
42496326,arvo_42496326,True,arvo:3621,librawspeed,False,True,12,True,function_and_type
42496326,arvo_42496326,True,arvo:3658,librawspeed,False,True,12,True,function_and_type
42496326,arvo_42496326,True,arvo:3732,librawspeed,False,True,12,True,function_and_type
42497725,arvo_42497725,True,arvo:3411,librawspeed,False,True,12,True,function_and_type
42497725,arvo_42497725,True,arvo:3438,librawspeed,False,True,12,True,function_and_type
42497725,arvo_42497725,True,arvo:3531,librawspeed,False,True,12,True,function_and_type
42497725,arvo_42497725,True,arvo:3560,librawspeed,False,True,12,True,function_and_type
42497725,arvo_42497725,True,arvo:3621,librawspeed,False,True,12,True,function_and_type
42497725,arvo_42497725,True,arvo:3658,librawspeed,False,True,12,True,function_and_type
42497725,arvo_42497725,True,arvo:3732,librawspeed,False,True,12,True,function_and_type
42499759,arvo_3680,True,arvo:3411,librawspeed,False,True,12,True,function_and_type
42499759,arvo_3680,True,arvo:3438,librawspeed,False,True,12,True,function_and_type
42499759,arvo_3680,True,arvo:3531,librawspeed,False,True,12,True,function_and_type
42499759,arvo_3680,True,arvo:3560,librawspeed,False,True,12,True,function_and_type
42499759,arvo_3680,True,arvo:3621,librawspeed,False,True,12,True,function_and_type
42499759,arvo_3680,True,arvo:3658,librawspeed,False,True,12,True,function_and_type
42499759,arvo_3680,True,arvo:3732,librawspeed,False,True,12,True,function_and_type
42501289,arvo_42501289;arvo_3818,True,arvo:3411,librawspeed,False,True,12,True,function_and_type
42501289,arvo_42501289;arvo_3818,True,arvo:3438,librawspeed,False,True,12,True,function_and_type
42501289,arvo_42501289;arvo_3818,True,arvo:3531,librawspeed,False,True,12,True,function_and_type
42501289,arvo_42501289;arvo_3818,True,arvo:3560,librawspeed,False,True,12,True,function_and_type
42501289,arvo_42501289;arvo_3818,True,arvo:3621,librawspeed,False,True,12,True,function_and_type
42501289,arvo_42501289;arvo_3818,True,arvo:3658,librawspeed,False,True,12,True,function_and_type
42501289,arvo_42501289;arvo_3818,True,arvo:3732,librawspeed,False,True,12,True,function_and_type
42506520,arvo_42506520,True,arvo:3411,librawspeed,False,True,12,True,function_and_type
42506520,arvo_42506520,True,arvo:3438,librawspeed,False,True,12,True,function_and_type
42506520,arvo_42506520,True,arvo:3531,librawspeed,False,True,12,True,function_and_type
42506520,arvo_42506520,True,arvo:3560,librawspeed,False,True,12,True,function_and_type
42506520,arvo_42506520,True,arvo:3621,librawspeed,False,True,12,True,function_and_type
42506520,arvo_42506520,True,arvo:3658,librawspeed,False,True,12,True,function_and_type
42506520,arvo_42506520,True,arvo:3732,librawspeed,False,True,12,True,function_and_type
42508524,arvo_44695,True,arvo:44574,libplist,False,True,2,True,function_and_type
42518190,arvo_53397,False,arvo:53199,opensips,False,True,2,True,function_and_type
42521036,arvo_42521036,False,arvo:5865,mupdf,True,False,,False,no_match
42521255,arvo_56156,True,arvo:58405,ghostpdl,False,True,2,True,function_and_type
42522440,arvo_42522440,True,arvo:57521,libxml2,False,True,2,True,function_and_type
42524722,arvo_42524722;arvo_59279,False,arvo:58666,capstonenext,False,True,2,True,function_and_type
42532421,arvo_66209;arvo_42532421,False,arvo:66426,mruby,False,True,2,True,function_and_type
42538533,arvo_42538533,True,arvo:6975,librawspeed,False,True,4,True,function_and_type
42538533,arvo_42538533,True,arvo:7067,librawspeed,False,True,4,True,function_and_type
42538533,arvo_42538533,True,arvo:7538,librawspeed,False,True,4,True,function_and_type
