canonical_bug_id,cybergym_task_id,cybergym_description_words,longest_shared_run_vs_description,longest_shared_run_vs_error_txt,description_names_mimo_target_function
42470064,arvo:10055,21,2,4,True
42470109,arvo:10096,13,2,4,True
42470379,arvo:10341,18,1,8,False
42470443,arvo:10400,19,1,4,False
42470635,arvo:10574,30,2,5,False
42470716,arvo:1065,15,1,5,False
42470928,arvo:10841,33,2,6,False
42470953,arvo:10864,10,2,5,False
42471100,arvo:10999,79,2,4,False
42471111,arvo:11007,83,2,4,False
42471188,arvo:11078,17,1,6,False
42471287,arvo:11167,66,2,4,True
42471294,arvo:11173,67,1,4,False
42471374,arvo:11245,12,2,8,False
42472071,arvo:11876,20,1,5,False
42472107,arvo:11908,41,1,9,False
42472620,arvo:1237,21,3,6,False
42472727,arvo:12466,48,3,4,False
42473363,arvo:1304,21,1,5,False
42473835,arvo:13466,19,2,5,False
42473850,arvo:1348,26,2,4,False
42474668,arvo:14215,20,1,5,True
42474934,arvo:14455,23,2,6,False
42474963,arvo:14481,26,2,7,False
42475075,arvo:14582,27,3,6,False
42475106,arvo:1461,27,2,3,False
42475210,arvo:14703,33,3,5,True
42475239,arvo:1473,21,2,4,False
42475280,arvo:14767,16,1,9,False
42475332,arvo:14813,51,2,4,False
42475442,arvo:14912,14,3,5,False
42475467,arvo:14935,16,2,2,False
42475544,arvo:15003,10,1,5,False
42477158,arvo:16457,10,1,5,False
42477252,arvo:16541,19,2,4,False
42477952,arvo:17171,29,2,5,False
42479126,arvo:18228,25,3,6,False
42479230,arvo:18321,23,2,4,False
42479497,arvo:18562,25,1,6,False
42479556,arvo:18615,26,3,6,False
42479846,arvo:18877,25,1,6,False
42479930,arvo:18952,7,1,6,False
42480096,arvo:19100,9,2,6,False
42480353,arvo:19332,7,2,6,False
42480815,arvo:1975,23,2,6,True
42480826,arvo:1976,31,1,5,False
42480985,arvo:19902,21,3,4,True
42481258,arvo:20147,44,3,6,True
42481643,arvo:20494,20,2,4,False
42482009,arvo:20823,6,1,6,False
42482100,arvo:20905,12,3,4,False
42482207,arvo:21000,8,2,6,True
42482540,arvo:21300,19,3,6,True
42482549,arvo:21309,18,1,5,False
42482563,arvo:21321,91,3,6,False
42482566,arvo:21324,25,3,6,True
42482567,arvo:21325,66,3,6,True
42482604,arvo:21359,37,3,6,True
42482847,arvo:21578,35,2,4,True
42482848,arvo:21579,48,2,4,True
42482877,arvo:21604,39,2,5,False
42483223,arvo:21916,9,3,5,False
42483588,arvo:22244,10,3,6,True
42484402,arvo:22978,27,1,4,True
42484452,arvo:23021,10,2,6,False
42484510,arvo:23074,32,1,5,False
42485153,arvo:23654,25,3,4,True
42485223,arvo:23717,21,1,6,False
42485232,arvo:23725,67,2,5,True
42485561,arvo:24020,62,3,5,True
42485647,arvo:24099,11,1,6,False
42485741,arvo:24183,36,3,6,False
42486241,arvo:24633,11,4,10,True
42486784,arvo:25121,21,3,5,True
42486834,arvo:25167,16,1,4,False
42487028,arvo:25341,31,1,5,False
42487238,arvo:25530,52,2,4,True
42487660,arvo:25910,29,2,5,False
42488143,arvo:26345,31,2,5,False
42488205,arvo:26400,51,1,4,False
42488517,arvo:26682,21,4,5,False
42489180,arvo:27279,24,2,7,False
42489330,arvo:27413,30,3,5,True
42489660,arvo:27710,9,2,5,False
42489669,arvo:27719,10,2,6,False
42489777,arvo:27816,24,2,5,False
42489910,arvo:27936,30,1,5,True
42490053,arvo:28064,78,2,5,True
42490150,arvo:28151,21,1,5,False
42490247,arvo:28239,38,2,6,False
42490495,arvo:28462,47,3,4,True
42490500,arvo:28467,78,4,5,True
42490708,arvo:28654,66,2,5,False
42490844,arvo:28777,14,1,3,False
42491208,arvo:29103,10,2,17,
42491388,arvo:29266,32,1,11,False
42491389,arvo:29267,71,2,6,True
42491468,arvo:29338,49,2,5,False
42491719,arvo:29564,76,3,4,True
42491796,arvo:29633,75,4,4,True
42491946,arvo:29769,25,2,4,True
42492331,arvo:30113,19,1,5,False
42492446,arvo:30217,15,2,6,False
42492465,arvo:30234,100,4,5,False
42492768,arvo:30507,36,2,6,False
42493685,arvo:31332,54,2,4,False
42493861,arvo:31491,23,2,6,False
42494962,arvo:32482,17,1,5,False
42495043,arvo:32555,19,2,8,False
42496155,arvo:33556,18,2,4,False
42496326,arvo:3371,18,1,6,False
42496486,arvo:33854,19,2,5,False
42496802,arvo:34138,43,2,3,False
42497326,arvo:3461,11,2,15,False
42497725,arvo:3497,15,1,6,False
42497943,arvo:35165,52,1,5,False
42498148,arvo:3535,14,1,6,False
42498216,arvo:35410,15,2,17,
42498525,arvo:3569,23,1,5,False
42498762,arvo:35902,18,2,6,False
42499204,arvo:3630,17,2,5,False
42499751,arvo:36793,30,2,3,False
42499759,arvo:3680,7,1,6,False
42499883,arvo:36911,34,2,8,False
42499979,arvo:36999,25,2,8,False
42500473,arvo:37443,9,1,6,False
42501146,arvo:38050,39,1,6,False
42501289,arvo:3818,23,2,6,False
42501420,arvo:38298,17,2,4,False
42502055,arvo:38870,48,1,5,True
42502644,arvo:3940,9,3,5,True
42503090,arvo:39802,14,2,4,False
42503663,arvo:40317,19,1,4,False
42503827,arvo:40465,75,2,5,False
42504059,arvo:40674,33,5,6,False
42505670,arvo:42123,11,2,48,True
42505785,arvo:42227,11,1,4,False
42506064,arvo:42479,28,2,4,False
42506130,arvo:42538,22,1,4,False
42506520,arvo:4289,15,1,6,False
42506817,arvo:43156,46,3,4,False
42506888,arvo:4322,13,2,6,False
42507126,arvo:43434,20,3,6,True
42507791,arvo:44034,30,2,4,False
42507851,arvo:44089,63,2,4,True
42508039,arvo:44258,73,2,4,False
42508319,arvo:4451,15,2,7,True
42508524,arvo:44695,16,2,4,False
42508712,arvo:44864,37,3,6,True
42508737,arvo:44887,20,2,4,True
42508844,arvo:44983,91,3,4,False
42508904,arvo:45036,50,3,4,True
42508986,arvo:4511,11,1,6,False
42510954,arvo:46883,9,2,5,False
42511086,arvo:47000,44,5,6,True
42511179,arvo:47085,31,1,7,False
42511198,arvo:47101,51,3,5,True
42512179,arvo:47986,9,3,5,True
42513013,arvo:48736,18,1,4,False
42513154,arvo:48863,63,2,4,True
42513357,arvo:49045,15,2,7,False
42514015,arvo:49638,56,5,6,True
42514310,arvo:49903,26,1,5,True
42515676,arvo:51132,23,2,7,False
42515924,arvo:51356,16,2,6,True
42516154,arvo:51563,61,5,5,True
42516681,arvo:52037,23,1,9,False
42516713,arvo:52066,14,3,4,True
42516867,arvo:52204,56,2,4,False
42516894,arvo:52229,46,5,6,True
42518583,arvo:53750,15,2,4,False
42519792,arvo:54839,14,2,4,False
42519926,arvo:5496,24,2,6,False
42519940,arvo:54972,36,2,6,False
42520589,arvo:55556,13,2,5,False
42520883,arvo:55820,20,2,3,False
42520935,arvo:55868,11,2,6,False
42521023,arvo:55948,15,2,4,False
42521255,arvo:56156,51,2,4,False
42521585,arvo:56454,22,1,6,False
42522440,arvo:57223,21,1,5,True
42522452,arvo:57234,21,2,5,False
42522601,arvo:57369,53,4,4,True
42522636,arvo:5740,11,4,5,True
42522648,arvo:57410,16,2,5,True
42522683,arvo:57442,22,3,6,False
42523066,arvo:57788,13,2,5,False
42523169,arvo:57880,90,1,4,False
42523804,arvo:58452,49,4,5,False
42523916,arvo:58553,19,1,5,False
42524846,arvo:59390,39,2,6,False
42524877,arvo:59418,24,1,6,False
42525816,arvo:60262,21,1,7,False
42526143,arvo:60557,48,5,6,True
42527431,arvo:61718,12,1,4,False
42527435,arvo:61721,10,2,5,False
42527736,arvo:61993,30,2,8,
42527841,arvo:62087,9,2,6,False
42528217,arvo:62425,18,2,6,True
42528658,arvo:62822,14,2,7,False
42528677,arvo:6284,20,2,5,True
42529252,arvo:63357,18,1,7,False
42530054,arvo:64079,23,1,13,False
42531228,arvo:65135,16,2,8,
42531311,arvo:6521,19,2,4,False
42531371,arvo:65264,20,2,5,False
42531553,arvo:65428,15,1,32,False
42531617,arvo:65486,31,2,6,False
42532477,arvo:6626,35,1,8,False
42532685,arvo:66447,21,2,5,False
42532983,arvo:66715,29,1,5,True
42533566,arvo:6724,14,3,6,False
42537168,oss-fuzz:42537168,28,1,7,False
42537562,oss-fuzz:42537562,39,3,5,False
42538533,arvo:7171,38,3,6,False
42538811,arvo:7350,13,1,5,False
42540117,arvo:8529,25,1,5,False
42540213,arvo:8615,30,1,4,False
42540566,arvo:8933,54,4,5,True
42540578,arvo:8944,25,2,5,False
42541718,arvo:9970,27,2,6,False
386128948,oss-fuzz:386128948,13,1,6,False
388905046,oss-fuzz:388905046,30,2,4,True
