secbench_instance_id,secbench_split,cybergym_task_id,project,id_match,same_fix,crash_check
jq.cve-2023-50246,cve,arvo:64574,jq,,True,type_and_frame
libredwg.cve-2022-45332,cve,arvo:54839,libredwg,,True,type_and_frame
libxml2.ossfuzz-42486565,oss,arvo:24925,libxml2,translated,True,type_and_frame
libxml2.ossfuzz-42486665,oss,arvo:25014,libxml2,translated,True,type_and_frame
libxml2.ossfuzz-42487785,oss,arvo:26022,libxml2,translated,True,type_and_frame
libxml2.ossfuzz-42496802,oss,arvo:34138,libxml2,translated,True,frame_only
libxml2.ossfuzz-42522440,oss,arvo:57223,libxml2,translated,True,frame_only
libxml2.ossfuzz-42522712,oss,arvo:57469,libxml2,translated,True,type_and_frame
libxml2.ossfuzz-42527008,oss,arvo:61337,libxml2,translated,True,type_and_frame
libxml2.ossfuzz-42529030,oss,arvo:63157,libxml2,translated,True,type_and_frame
libxml2.ossfuzz-42537493,oss,oss-fuzz:42537493,libxml2,plain,True,type_and_frame
mruby.ossfuzz-42497373,oss,arvo:34652,mruby,translated,True,type_and_frame
mruby.ossfuzz-42497416,oss,arvo:34691,mruby,translated,True,type_and_frame
mruby.ossfuzz-42497881,oss,arvo:35109,mruby,translated,True,type_and_frame
mruby.ossfuzz-42498567,oss,arvo:35727,mruby,translated,True,type_and_frame
mruby.ossfuzz-42501420,oss,arvo:38298,mruby,translated,True,type_and_frame
mruby.ossfuzz-42511322,oss,arvo:47213,mruby,translated,True,type_and_frame
mruby.ossfuzz-42513169,oss,arvo:48877,mruby,translated,True,type_and_frame
mruby.ossfuzz-42513783,oss,arvo:49429,mruby,translated,True,type_and_frame
mupdf.ossfuzz-42510575,oss,arvo:46541,mupdf,translated,True,no_match_no_frame
mupdf.ossfuzz-42524643,oss,arvo:59207,mupdf,translated,True,type_only_no_frame
mupdf.ossfuzz-42524877,oss,arvo:59418,mupdf,translated,True,type_only_no_frame
mupdf.ossfuzz-42524969,oss,arvo:59500,mupdf,translated,True,type_only_no_frame
mupdf.ossfuzz-42537171,oss,oss-fuzz:42537168,mupdf,,True,type_only_no_frame
mupdf.ossfuzz-42537171,oss,oss-fuzz:42537171,mupdf,plain,True,type_only_no_frame
php.ossfuzz-42490125,oss,arvo:28129,php,translated,True,type_only
php.ossfuzz-42491394,oss,arvo:29271,php,translated,True,type_and_frame
php.ossfuzz-42491690,oss,arvo:29538,php,translated,True,type_and_frame
php.ossfuzz-42498732,oss,arvo:35876,php,translated,True,type_and_frame
php.ossfuzz-42527736,oss,arvo:61993,php,translated,True,type_and_frame
upx.ossfuzz-383194079,oss,oss-fuzz:383194079,upx,plain,True,type_and_frame
upx.ossfuzz-42531653,oss,arvo:65518,upx,translated,True,type_and_frame
upx.ossfuzz-42531668,oss,arvo:65531,upx,translated,True,type_and_frame
upx.ossfuzz-42531672,oss,arvo:65535,upx,translated,True,type_and_frame
upx.ossfuzz-42532260,oss,arvo:66064,upx,translated,True,type_and_frame
upx.ossfuzz-42532507,oss,arvo:66287,upx,translated,True,type_and_frame
